# # Time [sec], X [m], Y [m], Theta [rad], LinVel [m/s], AngVel [rad/s]
0.000000, 0.000000, 0.000000, 0.000000, 0.000000, 0.000000
0.100000, 0.010000, 0.000000, 0.000000, 0.100000, 0.000000
0.200000, 0.030000, 0.000000, 0.000000, 0.200000, 0.000000
0.300000, 0.060000, 0.000000, 0.000000, 0.300000, 0.000000
0.400000, 0.100000, 0.000000, 0.000000, 0.400000, 0.000000
0.500000, 0.150000, 0.000000, 0.000000, 0.500000, 0.000000
0.600000, 0.210000, 0.000000, 0.000000, 0.600000, 0.000000
0.700000, 0.280000, 0.000000, 0.000000, 0.700000, 0.000000
0.800000, 0.360000, 0.000000, 0.000000, 0.800000, 0.000000
0.900000, 0.450000, 0.000000, 0.000000, 0.900000, 0.000000
1.000000, 0.550000, 0.000000, 0.000000, 1.000000, 0.000000
1.100000, 0.650000, 0.000000, 0.000000, 1.000000, 0.000000
1.200000, 0.750000, 0.000000, 0.000000, 1.000000, 0.000000
1.300000, 0.850000, 0.000000, 0.000000, 1.000000, 0.000000
1.400000, 0.950000, 0.000000, 0.000000, 1.000000, 0.000000
1.500000, 1.050000, 0.000000, 0.000000, 1.000000, 0.000000
1.600000, 1.150000, 0.000000, 0.000000, 1.000000, 0.000000
1.700000, 1.250000, 0.000000, 0.000000, 1.000000, 0.000000
1.800000, 1.350000, 0.000000, 0.000000, 1.000000, 0.000000
1.900000, 1.450000, 0.000000, 0.000000, 1.000000, 0.000000
2.000000, 1.550000, 0.000000, 0.000000, 1.000000, 0.000000
2.100000, 1.650000, 0.000000, 0.000000, 1.000000, 0.000000
2.200000, 1.750000, 0.000000, 0.000000, 1.000000, 0.000000
2.300000, 1.850000, 0.000000, 0.000000, 1.000000, 0.000000
2.400000, 1.950000, 0.000000, 0.000000, 1.000000, 0.000000
2.500000, 2.050000, 0.000000, 0.000000, 1.000000, 0.000000
2.600000, 2.150000, 0.000000, 0.000000, 1.000000, 0.000000
2.700000, 2.250000, 0.000000, 0.000000, 1.000000, 0.000000
2.800000, 2.350000, 0.000000, 0.000000, 1.000000, 0.000000
2.900000, 2.450000, 0.000000, 0.000000, 1.000000, 0.000000
3.000000, 2.550000, 0.000000, 0.000000, 1.000000, 0.000000
3.100000, 2.650000, 0.000000, 0.000000, 1.000000, 0.000000
3.200000, 2.750000, 0.000000, 0.000000, 1.000000, 0.000000
3.300000, 2.850000, 0.000000, 0.000000, 1.000000, 0.000000
3.400000, 2.950000, 0.000000, 0.000000, 1.000000, 0.000000
3.500000, 3.050000, 0.000000, 0.000000, 1.000000, 0.000000
3.600000, 3.150000, 0.000000, 0.000000, 1.000000, 0.000000
3.700000, 3.250000, 0.000000, 0.000000, 1.000000, 0.000000
3.800000, 3.350000, 0.000000, 0.000000, 1.000000, 0.000000
3.900000, 3.450000, 0.000000, 0.000000, 1.000000, 0.000000
4.000000, 3.550000, 0.000000, 0.000000, 1.000000, 0.000000
4.100000, 3.650000, 0.000000, 0.000000, 1.000000, 0.000000
4.200000, 3.750000, 0.000000, 0.000000, 1.000000, 0.000000
4.300000, 3.850000, 0.000000, 0.000000, 1.000000, 0.000000
4.400000, 3.950000, 0.000000, 0.000000, 1.000000, 0.000000
4.500000, 4.050000, 0.000000, 0.000000, 1.000000, 0.000000
4.600000, 4.150000, 0.000000, 0.000000, 1.000000, 0.000000
4.700000, 4.250000, 0.000000, 0.000000, 1.000000, 0.000000
4.800000, 4.350000, 0.000000, 0.000000, 1.000000, 0.000000
4.900000, 4.450000, 0.000000, 0.000000, 1.000000, 0.000000
5.000000, 4.550000, 0.000000, 0.000000, 1.000000, 0.000000
5.100000, 4.650000, 0.000000, 0.000000, 1.000000, 0.000000
5.200000, 4.750000, 0.000000, 0.000000, 1.000000, 0.000000
5.300000, 4.850000, 0.000000, 0.000000, 1.000000, 0.000000
5.400000, 4.950000, 0.000000, 0.000000, 1.000000, 0.000000
5.500000, 5.050000, 0.000000, 0.000000, 1.000000, 0.000000
5.600000, 5.150000, 0.000000, 0.000000, 1.000000, 0.000000
5.700000, 5.250000, 0.000000, 0.000000, 1.000000, 0.000000
5.800000, 5.350000, 0.000000, 0.000000, 1.000000, 0.000000
5.900000, 5.450000, 0.000000, 0.000000, 1.000000, 0.000000
6.000000, 5.550000, 0.000000, 0.000000, 1.000000, 0.000000
6.100000, 5.650000, 0.000000, 0.000000, 1.000000, 0.000000
6.200000, 5.750000, 0.000000, 0.000000, 1.000000, 0.000000
6.300000, 5.850000, 0.000000, 0.000000, 1.000000, 0.000000
6.400000, 5.950000, 0.000000, 0.000000, 1.000000, 0.000000
6.500000, 6.050000, 0.000000, 0.000000, 1.000000, 0.000000
6.600000, 6.150000, 0.000000, 0.000000, 1.000000, 0.000000
6.700000, 6.250000, 0.000000, 0.000000, 1.000000, 0.000000
6.800000, 6.350000, 0.000000, 0.000000, 1.000000, 0.000000
6.900000, 6.450000, 0.000000, 0.000000, 1.000000, 0.000000
7.000000, 6.550000, 0.000000, 0.000000, 1.000000, 0.000000
7.100000, 6.650000, 0.000000, 0.000000, 1.000000, 0.000000
7.200000, 6.750000, 0.000000, 0.000000, 1.000000, 0.000000
7.300000, 6.850000, 0.000000, 0.000000, 1.000000, 0.000000
7.400000, 6.950000, 0.000000, 0.000000, 1.000000, 0.000000
7.500000, 7.050000, 0.000000, 0.000000, 1.000000, 0.000000
7.600000, 7.150000, 0.000000, 0.000000, 1.000000, 0.000000
7.700000, 7.250000, 0.000000, 0.000000, 1.000000, 0.000000
7.800000, 7.350000, 0.000000, 0.000000, 1.000000, 0.000000
7.900000, 7.450000, 0.000000, 0.000000, 1.000000, 0.000000
8.000000, 7.550000, 0.000000, 0.000000, 1.000000, 0.000000
8.100000, 7.650000, 0.000000, 0.000000, 1.000000, 0.000000
8.200000, 7.750000, 0.000000, 0.000000, 1.000000, 0.000000
8.300000, 7.850000, 0.000000, 0.000000, 1.000000, 0.000000
8.400000, 7.950000, 0.000000, 0.000000, 1.000000, 0.000000
8.500000, 8.050000, 0.000000, 0.000000, 1.000000, 0.000000
8.600000, 8.150000, 0.000000, 0.000000, 1.000000, 0.000000
8.700000, 8.250000, 0.000000, 0.000000, 1.000000, 0.000000
8.800000, 8.350000, 0.000000, 0.000000, 1.000000, 0.000000
8.900000, 8.450000, 0.000000, 0.000000, 1.000000, 0.000000
9.000000, 8.550000, 0.000000, 0.000000, 1.000000, 0.000000
9.100000, 8.650000, 0.000000, 0.000000, 1.000000, 0.000000
9.200000, 8.750000, 0.000000, 0.000000, 1.000000, 0.000000
9.300000, 8.850000, 0.000000, 0.000000, 1.000000, 0.000000
9.400000, 8.950000, 0.000000, 0.000000, 1.000000, 0.000000
9.500000, 9.050000, 0.000000, 0.000000, 1.000000, 0.000000
9.600000, 9.150000, 0.000000, 0.000000, 1.000000, 0.000000
9.700000, 9.250000, 0.000000, 0.000000, 1.000000, 0.000000
9.800000, 9.350000, 0.000000, 0.000000, 1.000000, 0.000000
9.900000, 9.450000, 0.000000, 0.000000, 1.000000, 0.000000
10.000000, 9.550000, 0.000000, 0.000000, 1.000000, 0.000000
10.100000, 9.640000, 0.000000, 0.000000, 0.900000, 0.000000
10.200000, 9.720000, 0.000000, 0.000000, 0.800000, 0.000000
10.300000, 9.790000, 0.000000, 0.000000, 0.700000, 0.000000
10.400000, 9.850000, 0.000000, 0.000000, 0.600000, 0.000000
10.500000, 9.900000, 0.000000, 0.000000, 0.500000, 0.000000
10.600000, 9.940000, 0.000000, 0.000000, 0.400000, 0.000000
10.700000, 9.970000, 0.000000, 0.000000, 0.300000, 0.000000
10.800000, 9.990000, 0.000000, 0.000000, 0.200000, 0.000000
10.900000, 10.000000, 0.000000, 0.000000, 0.100000, 0.000000
11.000000, 10.000000, 0.000000, 0.000000, 0.000000, 0.000000
11.100000, 10.000000, 0.000000, 0.000000, 0.000000, 0.000000
11.200000, 10.000000, 0.000000, 0.015708, 0.000000, 0.157080
11.300000, 10.000000, 0.000000, 0.047124, 0.000000, 0.314159
11.400000, 10.000000, 0.000000, 0.094248, 0.000000, 0.471239
11.500000, 10.000000, 0.000000, 0.157080, 0.000000, 0.628319
11.600000, 10.000000, 0.000000, 0.235619, 0.000000, 0.785398
11.700000, 10.000000, 0.000000, 0.329867, 0.000000, 0.942478
11.800000, 10.000000, 0.000000, 0.439823, 0.000000, 1.099557
11.900000, 10.000000, 0.000000, 0.565487, 0.000000, 1.256637
12.000000, 10.000000, 0.000000, 0.706858, 0.000000, 1.413717
12.100000, 10.000000, 0.000000, 0.863938, 0.000000, 1.570796
12.200000, 10.000000, 0.000000, 1.005310, 0.000000, 1.413717
12.300000, 10.000000, 0.000000, 1.130973, 0.000000, 1.256637
12.400000, 10.000000, 0.000000, 1.240929, 0.000000, 1.099557
12.500000, 10.000000, 0.000000, 1.335177, 0.000000, 0.942478
12.600000, 10.000000, 0.000000, 1.413717, 0.000000, 0.785398
12.700000, 10.000000, 0.000000, 1.476549, 0.000000, 0.628319
12.800000, 10.000000, 0.000000, 1.523672, 0.000000, 0.471239
12.900000, 10.000000, 0.000000, 1.555088, 0.000000, 0.314159
13.000000, 10.000000, 0.000000, 1.570796, 0.000000, 0.157080
13.100000, 10.000000, 0.000000, 1.570796, 0.000000, 0.000000
13.200000, 10.000000, 0.010000, 1.570796, 0.100000, 0.000000
13.300000, 10.000000, 0.030000, 1.570796, 0.200000, 0.000000
13.400000, 10.000000, 0.060000, 1.570796, 0.300000, 0.000000
13.500000, 10.000000, 0.100000, 1.570796, 0.400000, 0.000000
13.600000, 10.000000, 0.150000, 1.570796, 0.500000, 0.000000
13.700000, 10.000000, 0.210000, 1.570796, 0.600000, 0.000000
13.800000, 10.000000, 0.280000, 1.570796, 0.700000, 0.000000
13.900000, 10.000000, 0.360000, 1.570796, 0.800000, 0.000000
14.000000, 10.000000, 0.450000, 1.570796, 0.900000, 0.000000
14.100000, 10.000000, 0.550000, 1.570796, 1.000000, 0.000000
14.200000, 10.000000, 0.650000, 1.570796, 1.000000, 0.000000
14.300000, 10.000000, 0.750000, 1.570796, 1.000000, 0.000000
14.400000, 10.000000, 0.850000, 1.570796, 1.000000, 0.000000
14.500000, 10.000000, 0.950000, 1.570796, 1.000000, 0.000000
14.600000, 10.000000, 1.050000, 1.570796, 1.000000, 0.000000
14.700000, 10.000000, 1.150000, 1.570796, 1.000000, 0.000000
14.800000, 10.000000, 1.250000, 1.570796, 1.000000, 0.000000
14.900000, 10.000000, 1.350000, 1.570796, 1.000000, 0.000000
15.000000, 10.000000, 1.450000, 1.570796, 1.000000, 0.000000
15.100000, 10.000000, 1.550000, 1.570796, 1.000000, 0.000000
15.200000, 10.000000, 1.650000, 1.570796, 1.000000, 0.000000
15.300000, 10.000000, 1.750000, 1.570796, 1.000000, 0.000000
15.400000, 10.000000, 1.850000, 1.570796, 1.000000, 0.000000
15.500000, 10.000000, 1.950000, 1.570796, 1.000000, 0.000000
15.600000, 10.000000, 2.050000, 1.570796, 1.000000, 0.000000
15.700000, 10.000000, 2.150000, 1.570796, 1.000000, 0.000000
15.800000, 10.000000, 2.250000, 1.570796, 1.000000, 0.000000
15.900000, 10.000000, 2.350000, 1.570796, 1.000000, 0.000000
16.000000, 10.000000, 2.450000, 1.570796, 1.000000, 0.000000
16.100000, 10.000000, 2.550000, 1.570796, 1.000000, 0.000000
16.200000, 10.000000, 2.650000, 1.570796, 1.000000, 0.000000
16.300000, 10.000000, 2.750000, 1.570796, 1.000000, 0.000000
16.400000, 10.000000, 2.850000, 1.570796, 1.000000, 0.000000
16.500000, 10.000000, 2.950000, 1.570796, 1.000000, 0.000000
16.600000, 10.000000, 3.050000, 1.570796, 1.000000, 0.000000
16.700000, 10.000000, 3.150000, 1.570796, 1.000000, 0.000000
16.800000, 10.000000, 3.250000, 1.570796, 1.000000, 0.000000
16.900000, 10.000000, 3.350000, 1.570796, 1.000000, 0.000000
17.000000, 10.000000, 3.450000, 1.570796, 1.000000, 0.000000
17.100000, 10.000000, 3.550000, 1.570796, 1.000000, 0.000000
17.200000, 10.000000, 3.650000, 1.570796, 1.000000, 0.000000
17.300000, 10.000000, 3.750000, 1.570796, 1.000000, 0.000000
17.400000, 10.000000, 3.850000, 1.570796, 1.000000, 0.000000
17.500000, 10.000000, 3.950000, 1.570796, 1.000000, 0.000000
17.600000, 10.000000, 4.050000, 1.570796, 1.000000, 0.000000
17.700000, 10.000000, 4.150000, 1.570796, 1.000000, 0.000000
17.800000, 10.000000, 4.250000, 1.570796, 1.000000, 0.000000
17.900000, 10.000000, 4.350000, 1.570796, 1.000000, 0.000000
18.000000, 10.000000, 4.450000, 1.570796, 1.000000, 0.000000
18.100000, 10.000000, 4.550000, 1.570796, 1.000000, 0.000000
18.200000, 10.000000, 4.650000, 1.570796, 1.000000, 0.000000
18.300000, 10.000000, 4.750000, 1.570796, 1.000000, 0.000000
18.400000, 10.000000, 4.850000, 1.570796, 1.000000, 0.000000
18.500000, 10.000000, 4.950000, 1.570796, 1.000000, 0.000000
18.600000, 10.000000, 5.050000, 1.570796, 1.000000, 0.000000
18.700000, 10.000000, 5.150000, 1.570796, 1.000000, 0.000000
18.800000, 10.000000, 5.250000, 1.570796, 1.000000, 0.000000
18.900000, 10.000000, 5.350000, 1.570796, 1.000000, 0.000000
19.000000, 10.000000, 5.450000, 1.570796, 1.000000, 0.000000
19.100000, 10.000000, 5.550000, 1.570796, 1.000000, 0.000000
19.200000, 10.000000, 5.650000, 1.570796, 1.000000, 0.000000
19.300000, 10.000000, 5.750000, 1.570796, 1.000000, 0.000000
19.400000, 10.000000, 5.850000, 1.570796, 1.000000, 0.000000
19.500000, 10.000000, 5.950000, 1.570796, 1.000000, 0.000000
19.600000, 10.000000, 6.050000, 1.570796, 1.000000, 0.000000
19.700000, 10.000000, 6.150000, 1.570796, 1.000000, 0.000000
19.800000, 10.000000, 6.250000, 1.570796, 1.000000, 0.000000
19.900000, 10.000000, 6.350000, 1.570796, 1.000000, 0.000000
20.000000, 10.000000, 6.450000, 1.570796, 1.000000, 0.000000
20.100000, 10.000000, 6.550000, 1.570796, 1.000000, 0.000000
20.200000, 10.000000, 6.650000, 1.570796, 1.000000, 0.000000
20.300000, 10.000000, 6.750000, 1.570796, 1.000000, 0.000000
20.400000, 10.000000, 6.850000, 1.570796, 1.000000, 0.000000
20.500000, 10.000000, 6.950000, 1.570796, 1.000000, 0.000000
20.600000, 10.000000, 7.050000, 1.570796, 1.000000, 0.000000
20.700000, 10.000000, 7.150000, 1.570796, 1.000000, 0.000000
20.800000, 10.000000, 7.250000, 1.570796, 1.000000, 0.000000
20.900000, 10.000000, 7.350000, 1.570796, 1.000000, 0.000000
21.000000, 10.000000, 7.450000, 1.570796, 1.000000, 0.000000
21.100000, 10.000000, 7.550000, 1.570796, 1.000000, 0.000000
21.200000, 10.000000, 7.650000, 1.570796, 1.000000, 0.000000
21.300000, 10.000000, 7.750000, 1.570796, 1.000000, 0.000000
21.400000, 10.000000, 7.850000, 1.570796, 1.000000, 0.000000
21.500000, 10.000000, 7.950000, 1.570796, 1.000000, 0.000000
21.600000, 10.000000, 8.050000, 1.570796, 1.000000, 0.000000
21.700000, 10.000000, 8.150000, 1.570796, 1.000000, 0.000000
21.800000, 10.000000, 8.250000, 1.570796, 1.000000, 0.000000
21.900000, 10.000000, 8.350000, 1.570796, 1.000000, 0.000000
22.000000, 10.000000, 8.450000, 1.570796, 1.000000, 0.000000
22.100000, 10.000000, 8.550000, 1.570796, 1.000000, 0.000000
22.200000, 10.000000, 8.650000, 1.570796, 1.000000, 0.000000
22.300000, 10.000000, 8.750000, 1.570796, 1.000000, 0.000000
22.400000, 10.000000, 8.850000, 1.570796, 1.000000, 0.000000
22.500000, 10.000000, 8.950000, 1.570796, 1.000000, 0.000000
22.600000, 10.000000, 9.050000, 1.570796, 1.000000, 0.000000
22.700000, 10.000000, 9.150000, 1.570796, 1.000000, 0.000000
22.800000, 10.000000, 9.250000, 1.570796, 1.000000, 0.000000
22.900000, 10.000000, 9.350000, 1.570796, 1.000000, 0.000000
23.000000, 10.000000, 9.450000, 1.570796, 1.000000, 0.000000
23.100000, 10.000000, 9.550000, 1.570796, 1.000000, 0.000000
23.200000, 10.000000, 9.640000, 1.570796, 0.900000, 0.000000
23.300000, 10.000000, 9.720000, 1.570796, 0.800000, 0.000000
23.400000, 10.000000, 9.790000, 1.570796, 0.700000, 0.000000
23.500000, 10.000000, 9.850000, 1.570796, 0.600000, 0.000000
23.600000, 10.000000, 9.900000, 1.570796, 0.500000, 0.000000
23.700000, 10.000000, 9.940000, 1.570796, 0.400000, 0.000000
23.800000, 10.000000, 9.970000, 1.570796, 0.300000, 0.000000
23.900000, 10.000000, 9.990000, 1.570796, 0.200000, 0.000000
24.000000, 10.000000, 10.000000, 1.570796, 0.100000, 0.000000
24.100000, 10.000000, 10.000000, 1.570796, 0.000000, 0.000000
24.200000, 10.000000, 10.000000, 1.570796, 0.000000, 0.000000
24.300000, 10.000000, 10.000000, 1.555088, 0.000000, -0.157080
24.400000, 10.000000, 10.000000, 1.523672, 0.000000, -0.314159
24.500000, 10.000000, 10.000000, 1.476549, 0.000000, -0.471239
24.600000, 10.000000, 10.000000, 1.413717, 0.000000, -0.628319
24.700000, 10.000000, 10.000000, 1.335177, 0.000000, -0.785398
24.800000, 10.000000, 10.000000, 1.240929, 0.000000, -0.942478
24.900000, 10.000000, 10.000000, 1.130973, 0.000000, -1.099557
25.000000, 10.000000, 10.000000, 1.005310, 0.000000, -1.256637
25.100000, 10.000000, 10.000000, 0.863938, 0.000000, -1.413717
25.200000, 10.000000, 10.000000, 0.706858, 0.000000, -1.570796
25.300000, 10.000000, 10.000000, 0.565487, 0.000000, -1.413717
25.400000, 10.000000, 10.000000, 0.439823, 0.000000, -1.256637
25.500000, 10.000000, 10.000000, 0.329867, 0.000000, -1.099557
25.600000, 10.000000, 10.000000, 0.235619, 0.000000, -0.942478
25.700000, 10.000000, 10.000000, 0.157080, 0.000000, -0.785398
25.800000, 10.000000, 10.000000, 0.094248, 0.000000, -0.628319
25.900000, 10.000000, 10.000000, 0.047124, 0.000000, -0.471239
26.000000, 10.000000, 10.000000, 0.015708, 0.000000, -0.314159
26.100000, 10.000000, 10.000000, 0.000000, 0.000000, -0.157080
26.200000, 10.000000, 10.000000, 0.000000, 0.000000, 0.000000
26.300000, 10.010000, 10.000000, 0.000000, 0.100000, 0.000000
26.400000, 10.030000, 10.000000, 0.000000, 0.200000, 0.000000
26.500000, 10.060000, 10.000000, 0.000000, 0.300000, 0.000000
26.600000, 10.100000, 10.000000, 0.000000, 0.400000, 0.000000
26.700000, 10.150000, 10.000000, 0.000000, 0.500000, 0.000000
26.800000, 10.210000, 10.000000, 0.000000, 0.600000, 0.000000
26.900000, 10.280000, 10.000000, 0.000000, 0.700000, 0.000000
27.000000, 10.360000, 10.000000, 0.000000, 0.800000, 0.000000
27.100000, 10.450000, 10.000000, 0.000000, 0.900000, 0.000000
27.200000, 10.550000, 10.000000, 0.000000, 1.000000, 0.000000
27.300000, 10.650000, 10.000000, 0.000000, 1.000000, 0.000000
27.400000, 10.750000, 10.000000, 0.000000, 1.000000, 0.000000
27.500000, 10.850000, 10.000000, 0.000000, 1.000000, 0.000000
27.600000, 10.950000, 10.000000, 0.000000, 1.000000, 0.000000
27.700000, 11.050000, 10.000000, 0.000000, 1.000000, 0.000000
27.800000, 11.150000, 10.000000, 0.000000, 1.000000, 0.000000
27.900000, 11.250000, 10.000000, 0.000000, 1.000000, 0.000000
28.000000, 11.350000, 10.000000, 0.000000, 1.000000, 0.000000
28.100000, 11.450000, 10.000000, 0.000000, 1.000000, 0.000000
28.200000, 11.550000, 10.000000, 0.000000, 1.000000, 0.000000
28.300000, 11.650000, 10.000000, 0.000000, 1.000000, 0.000000
28.400000, 11.750000, 10.000000, 0.000000, 1.000000, 0.000000
28.500000, 11.850000, 10.000000, 0.000000, 1.000000, 0.000000
28.600000, 11.950000, 10.000000, 0.000000, 1.000000, 0.000000
28.700000, 12.050000, 10.000000, 0.000000, 1.000000, 0.000000
28.800000, 12.150000, 10.000000, 0.000000, 1.000000, 0.000000
28.900000, 12.250000, 10.000000, 0.000000, 1.000000, 0.000000
29.000000, 12.350000, 10.000000, 0.000000, 1.000000, 0.000000
29.100000, 12.450000, 10.000000, 0.000000, 1.000000, 0.000000
29.200000, 12.550000, 10.000000, 0.000000, 1.000000, 0.000000
29.300000, 12.650000, 10.000000, 0.000000, 1.000000, 0.000000
29.400000, 12.750000, 10.000000, 0.000000, 1.000000, 0.000000
29.500000, 12.850000, 10.000000, 0.000000, 1.000000, 0.000000
29.600000, 12.950000, 10.000000, 0.000000, 1.000000, 0.000000
29.700000, 13.050000, 10.000000, 0.000000, 1.000000, 0.000000
29.800000, 13.150000, 10.000000, 0.000000, 1.000000, 0.000000
29.900000, 13.250000, 10.000000, 0.000000, 1.000000, 0.000000
30.000000, 13.350000, 10.000000, 0.000000, 1.000000, 0.000000
30.100000, 13.450000, 10.000000, 0.000000, 1.000000, 0.000000
30.200000, 13.550000, 10.000000, 0.000000, 1.000000, 0.000000
30.300000, 13.650000, 10.000000, 0.000000, 1.000000, 0.000000
30.400000, 13.750000, 10.000000, 0.000000, 1.000000, 0.000000
30.500000, 13.850000, 10.000000, 0.000000, 1.000000, 0.000000
30.600000, 13.950000, 10.000000, 0.000000, 1.000000, 0.000000
30.700000, 14.050000, 10.000000, 0.000000, 1.000000, 0.000000
30.800000, 14.150000, 10.000000, 0.000000, 1.000000, 0.000000
30.900000, 14.250000, 10.000000, 0.000000, 1.000000, 0.000000
31.000000, 14.350000, 10.000000, 0.000000, 1.000000, 0.000000
31.100000, 14.450000, 10.000000, 0.000000, 1.000000, 0.000000
31.200000, 14.550000, 10.000000, 0.000000, 1.000000, 0.000000
31.300000, 14.650000, 10.000000, 0.000000, 1.000000, 0.000000
31.400000, 14.750000, 10.000000, 0.000000, 1.000000, 0.000000
31.500000, 14.850000, 10.000000, 0.000000, 1.000000, 0.000000
31.600000, 14.950000, 10.000000, 0.000000, 1.000000, 0.000000
31.700000, 15.050000, 10.000000, 0.000000, 1.000000, 0.000000
31.800000, 15.150000, 10.000000, 0.000000, 1.000000, 0.000000
31.900000, 15.250000, 10.000000, 0.000000, 1.000000, 0.000000
32.000000, 15.350000, 10.000000, 0.000000, 1.000000, 0.000000
32.100000, 15.450000, 10.000000, 0.000000, 1.000000, 0.000000
32.200000, 15.550000, 10.000000, 0.000000, 1.000000, 0.000000
32.300000, 15.650000, 10.000000, 0.000000, 1.000000, 0.000000
32.400000, 15.750000, 10.000000, 0.000000, 1.000000, 0.000000
32.500000, 15.850000, 10.000000, 0.000000, 1.000000, 0.000000
32.600000, 15.950000, 10.000000, 0.000000, 1.000000, 0.000000
32.700000, 16.050000, 10.000000, 0.000000, 1.000000, 0.000000
32.800000, 16.150000, 10.000000, 0.000000, 1.000000, 0.000000
32.900000, 16.250000, 10.000000, 0.000000, 1.000000, 0.000000
33.000000, 16.350000, 10.000000, 0.000000, 1.000000, 0.000000
33.100000, 16.450000, 10.000000, 0.000000, 1.000000, 0.000000
33.200000, 16.550000, 10.000000, 0.000000, 1.000000, 0.000000
33.300000, 16.650000, 10.000000, 0.000000, 1.000000, 0.000000
33.400000, 16.750000, 10.000000, 0.000000, 1.000000, 0.000000
33.500000, 16.850000, 10.000000, 0.000000, 1.000000, 0.000000
33.600000, 16.950000, 10.000000, 0.000000, 1.000000, 0.000000
33.700000, 17.050000, 10.000000, 0.000000, 1.000000, 0.000000
33.800000, 17.150000, 10.000000, 0.000000, 1.000000, 0.000000
33.900000, 17.250000, 10.000000, 0.000000, 1.000000, 0.000000
34.000000, 17.350000, 10.000000, 0.000000, 1.000000, 0.000000
34.100000, 17.450000, 10.000000, 0.000000, 1.000000, 0.000000
34.200000, 17.550000, 10.000000, 0.000000, 1.000000, 0.000000
34.300000, 17.650000, 10.000000, 0.000000, 1.000000, 0.000000
34.400000, 17.750000, 10.000000, 0.000000, 1.000000, 0.000000
34.500000, 17.850000, 10.000000, 0.000000, 1.000000, 0.000000
34.600000, 17.950000, 10.000000, 0.000000, 1.000000, 0.000000
34.700000, 18.050000, 10.000000, 0.000000, 1.000000, 0.000000
34.800000, 18.150000, 10.000000, 0.000000, 1.000000, 0.000000
34.900000, 18.250000, 10.000000, 0.000000, 1.000000, 0.000000
35.000000, 18.350000, 10.000000, 0.000000, 1.000000, 0.000000
35.100000, 18.450000, 10.000000, 0.000000, 1.000000, 0.000000
35.200000, 18.550000, 10.000000, 0.000000, 1.000000, 0.000000
35.300000, 18.650000, 10.000000, 0.000000, 1.000000, 0.000000
35.400000, 18.750000, 10.000000, 0.000000, 1.000000, 0.000000
35.500000, 18.850000, 10.000000, 0.000000, 1.000000, 0.000000
35.600000, 18.950000, 10.000000, 0.000000, 1.000000, 0.000000
35.700000, 19.050000, 10.000000, 0.000000, 1.000000, 0.000000
35.800000, 19.150000, 10.000000, 0.000000, 1.000000, 0.000000
35.900000, 19.250000, 10.000000, 0.000000, 1.000000, 0.000000
36.000000, 19.350000, 10.000000, 0.000000, 1.000000, 0.000000
36.100000, 19.450000, 10.000000, 0.000000, 1.000000, 0.000000
36.200000, 19.550000, 10.000000, 0.000000, 1.000000, 0.000000
36.300000, 19.640000, 10.000000, 0.000000, 0.900000, 0.000000
36.400000, 19.720000, 10.000000, 0.000000, 0.800000, 0.000000
36.500000, 19.790000, 10.000000, 0.000000, 0.700000, 0.000000
36.600000, 19.850000, 10.000000, 0.000000, 0.600000, 0.000000
36.700000, 19.900000, 10.000000, 0.000000, 0.500000, 0.000000
36.800000, 19.940000, 10.000000, 0.000000, 0.400000, 0.000000
36.900000, 19.970000, 10.000000, 0.000000, 0.300000, 0.000000
37.000000, 19.990000, 10.000000, 0.000000, 0.200000, 0.000000
37.100000, 20.000000, 10.000000, 0.000000, 0.100000, 0.000000
37.200000, 20.000000, 10.000000, 0.000000, 0.000000, 0.000000
37.300000, 20.000000, 10.000000, 0.000000, 0.000000, 0.000000
37.400000, 20.000000, 10.000000, -0.015708, 0.000000, -0.157080
37.500000, 20.000000, 10.000000, -0.047124, 0.000000, -0.314159
37.600000, 20.000000, 10.000000, -0.094248, 0.000000, -0.471239
37.700000, 20.000000, 10.000000, -0.157080, 0.000000, -0.628319
37.800000, 20.000000, 10.000000, -0.235619, 0.000000, -0.785398
37.900000, 20.000000, 10.000000, -0.329867, 0.000000, -0.942478
38.000000, 20.000000, 10.000000, -0.439823, 0.000000, -1.099557
38.100000, 20.000000, 10.000000, -0.565487, 0.000000, -1.256637
38.200000, 20.000000, 10.000000, -0.706858, 0.000000, -1.413717
38.300000, 20.000000, 10.000000, -0.863938, 0.000000, -1.570796
38.400000, 20.000000, 10.000000, -1.005310, 0.000000, -1.413717
38.500000, 20.000000, 10.000000, -1.130973, 0.000000, -1.256637
38.600000, 20.000000, 10.000000, -1.240929, 0.000000, -1.099557
38.700000, 20.000000, 10.000000, -1.335177, 0.000000, -0.942478
38.800000, 20.000000, 10.000000, -1.413717, 0.000000, -0.785398
38.900000, 20.000000, 10.000000, -1.476549, 0.000000, -0.628319
39.000000, 20.000000, 10.000000, -1.523672, 0.000000, -0.471239
39.100000, 20.000000, 10.000000, -1.555088, 0.000000, -0.314159
39.200000, 20.000000, 10.000000, -1.570796, 0.000000, -0.157080
39.300000, 20.000000, 10.000000, -1.570796, 0.000000, 0.000000
39.400000, 20.000000, 9.990000, -1.570796, 0.100000, 0.000000
39.500000, 20.000000, 9.970000, -1.570796, 0.200000, 0.000000
39.600000, 20.000000, 9.940000, -1.570796, 0.300000, 0.000000
39.700000, 20.000000, 9.900000, -1.570796, 0.400000, 0.000000
39.800000, 20.000000, 9.850000, -1.570796, 0.500000, 0.000000
39.900000, 20.000000, 9.790000, -1.570796, 0.600000, 0.000000
40.000000, 20.000000, 9.720000, -1.570796, 0.700000, 0.000000
40.100000, 20.000000, 9.640000, -1.570796, 0.800000, 0.000000
40.200000, 20.000000, 9.550000, -1.570796, 0.900000, 0.000000
40.300000, 20.000000, 9.450000, -1.570796, 1.000000, 0.000000
40.400000, 20.000000, 9.350000, -1.570796, 1.000000, 0.000000
40.500000, 20.000000, 9.250000, -1.570796, 1.000000, 0.000000
40.600000, 20.000000, 9.150000, -1.570796, 1.000000, 0.000000
40.700000, 20.000000, 9.050000, -1.570796, 1.000000, 0.000000
40.800000, 20.000000, 8.950000, -1.570796, 1.000000, 0.000000
40.900000, 20.000000, 8.850000, -1.570796, 1.000000, 0.000000
41.000000, 20.000000, 8.750000, -1.570796, 1.000000, 0.000000
41.100000, 20.000000, 8.650000, -1.570796, 1.000000, 0.000000
41.200000, 20.000000, 8.550000, -1.570796, 1.000000, 0.000000
41.300000, 20.000000, 8.450000, -1.570796, 1.000000, 0.000000
41.400000, 20.000000, 8.350000, -1.570796, 1.000000, 0.000000
41.500000, 20.000000, 8.250000, -1.570796, 1.000000, 0.000000
41.600000, 20.000000, 8.150000, -1.570796, 1.000000, 0.000000
41.700000, 20.000000, 8.050000, -1.570796, 1.000000, 0.000000
41.800000, 20.000000, 7.950000, -1.570796, 1.000000, 0.000000
41.900000, 20.000000, 7.850000, -1.570796, 1.000000, 0.000000
42.000000, 20.000000, 7.750000, -1.570796, 1.000000, 0.000000
42.100000, 20.000000, 7.650000, -1.570796, 1.000000, 0.000000
42.200000, 20.000000, 7.550000, -1.570796, 1.000000, 0.000000
42.300000, 20.000000, 7.450000, -1.570796, 1.000000, 0.000000
42.400000, 20.000000, 7.350000, -1.570796, 1.000000, 0.000000
42.500000, 20.000000, 7.250000, -1.570796, 1.000000, 0.000000
42.600000, 20.000000, 7.150000, -1.570796, 1.000000, 0.000000
42.700000, 20.000000, 7.050000, -1.570796, 1.000000, 0.000000
42.800000, 20.000000, 6.950000, -1.570796, 1.000000, 0.000000
42.900000, 20.000000, 6.850000, -1.570796, 1.000000, 0.000000
43.000000, 20.000000, 6.750000, -1.570796, 1.000000, 0.000000
43.100000, 20.000000, 6.650000, -1.570796, 1.000000, 0.000000
43.200000, 20.000000, 6.550000, -1.570796, 1.000000, 0.000000
43.300000, 20.000000, 6.450000, -1.570796, 1.000000, 0.000000
43.400000, 20.000000, 6.350000, -1.570796, 1.000000, 0.000000
43.500000, 20.000000, 6.250000, -1.570796, 1.000000, 0.000000
43.600000, 20.000000, 6.150000, -1.570796, 1.000000, 0.000000
43.700000, 20.000000, 6.050000, -1.570796, 1.000000, 0.000000
43.800000, 20.000000, 5.950000, -1.570796, 1.000000, 0.000000
43.900000, 20.000000, 5.850000, -1.570796, 1.000000, 0.000000
44.000000, 20.000000, 5.750000, -1.570796, 1.000000, 0.000000
44.100000, 20.000000, 5.650000, -1.570796, 1.000000, 0.000000
44.200000, 20.000000, 5.550000, -1.570796, 1.000000, 0.000000
44.300000, 20.000000, 5.450000, -1.570796, 1.000000, 0.000000
44.400000, 20.000000, 5.350000, -1.570796, 1.000000, 0.000000
44.500000, 20.000000, 5.250000, -1.570796, 1.000000, 0.000000
44.600000, 20.000000, 5.150000, -1.570796, 1.000000, 0.000000
44.700000, 20.000000, 5.050000, -1.570796, 1.000000, 0.000000
44.800000, 20.000000, 4.950000, -1.570796, 1.000000, 0.000000
44.900000, 20.000000, 4.850000, -1.570796, 1.000000, 0.000000
45.000000, 20.000000, 4.750000, -1.570796, 1.000000, 0.000000
45.100000, 20.000000, 4.650000, -1.570796, 1.000000, 0.000000
45.200000, 20.000000, 4.550000, -1.570796, 1.000000, 0.000000
45.300000, 20.000000, 4.450000, -1.570796, 1.000000, 0.000000
45.400000, 20.000000, 4.350000, -1.570796, 1.000000, 0.000000
45.500000, 20.000000, 4.250000, -1.570796, 1.000000, 0.000000
45.600000, 20.000000, 4.150000, -1.570796, 1.000000, 0.000000
45.700000, 20.000000, 4.050000, -1.570796, 1.000000, 0.000000
45.800000, 20.000000, 3.950000, -1.570796, 1.000000, 0.000000
45.900000, 20.000000, 3.850000, -1.570796, 1.000000, 0.000000
46.000000, 20.000000, 3.750000, -1.570796, 1.000000, 0.000000
46.100000, 20.000000, 3.650000, -1.570796, 1.000000, 0.000000
46.200000, 20.000000, 3.550000, -1.570796, 1.000000, 0.000000
46.300000, 20.000000, 3.450000, -1.570796, 1.000000, 0.000000
46.400000, 20.000000, 3.350000, -1.570796, 1.000000, 0.000000
46.500000, 20.000000, 3.250000, -1.570796, 1.000000, 0.000000
46.600000, 20.000000, 3.150000, -1.570796, 1.000000, 0.000000
46.700000, 20.000000, 3.050000, -1.570796, 1.000000, 0.000000
46.800000, 20.000000, 2.950000, -1.570796, 1.000000, 0.000000
46.900000, 20.000000, 2.850000, -1.570796, 1.000000, 0.000000
47.000000, 20.000000, 2.750000, -1.570796, 1.000000, 0.000000
47.100000, 20.000000, 2.650000, -1.570796, 1.000000, 0.000000
47.200000, 20.000000, 2.550000, -1.570796, 1.000000, 0.000000
47.300000, 20.000000, 2.450000, -1.570796, 1.000000, 0.000000
47.400000, 20.000000, 2.350000, -1.570796, 1.000000, 0.000000
47.500000, 20.000000, 2.250000, -1.570796, 1.000000, 0.000000
47.600000, 20.000000, 2.150000, -1.570796, 1.000000, 0.000000
47.700000, 20.000000, 2.050000, -1.570796, 1.000000, 0.000000
47.800000, 20.000000, 1.950000, -1.570796, 1.000000, 0.000000
47.900000, 20.000000, 1.850000, -1.570796, 1.000000, 0.000000
48.000000, 20.000000, 1.750000, -1.570796, 1.000000, 0.000000
48.100000, 20.000000, 1.650000, -1.570796, 1.000000, 0.000000
48.200000, 20.000000, 1.550000, -1.570796, 1.000000, 0.000000
48.300000, 20.000000, 1.450000, -1.570796, 1.000000, 0.000000
48.400000, 20.000000, 1.350000, -1.570796, 1.000000, 0.000000
48.500000, 20.000000, 1.250000, -1.570796, 1.000000, 0.000000
48.600000, 20.000000, 1.150000, -1.570796, 1.000000, 0.000000
48.700000, 20.000000, 1.050000, -1.570796, 1.000000, 0.000000
48.800000, 20.000000, 0.950000, -1.570796, 1.000000, 0.000000
48.900000, 20.000000, 0.850000, -1.570796, 1.000000, 0.000000
49.000000, 20.000000, 0.750000, -1.570796, 1.000000, 0.000000
49.100000, 20.000000, 0.650000, -1.570796, 1.000000, 0.000000
49.200000, 20.000000, 0.550000, -1.570796, 1.000000, 0.000000
49.300000, 20.000000, 0.450000, -1.570796, 1.000000, 0.000000
49.400000, 20.000000, 0.360000, -1.570796, 0.900000, 0.000000
49.500000, 20.000000, 0.280000, -1.570796, 0.800000, 0.000000
49.600000, 20.000000, 0.210000, -1.570796, 0.700000, 0.000000
49.700000, 20.000000, 0.150000, -1.570796, 0.600000, 0.000000
49.800000, 20.000000, 0.100000, -1.570796, 0.500000, 0.000000
49.900000, 20.000000, 0.060000, -1.570796, 0.400000, 0.000000
50.000000, 20.000000, 0.030000, -1.570796, 0.300000, 0.000000
50.100000, 20.000000, 0.010000, -1.570796, 0.200000, 0.000000
50.200000, 20.000000, -0.000000, -1.570796, 0.100000, 0.000000
50.300000, 20.000000, -0.000000, -1.570796, 0.000000, 0.000000
50.400000, 20.000000, -0.000000, -1.570796, 0.000000, 0.000000
50.500000, 20.000000, -0.000000, -1.555088, 0.000000, 0.157080
50.600000, 20.000000, -0.000000, -1.523672, 0.000000, 0.314159
50.700000, 20.000000, -0.000000, -1.476549, 0.000000, 0.471239
50.800000, 20.000000, -0.000000, -1.413717, 0.000000, 0.628319
50.900000, 20.000000, -0.000000, -1.335177, 0.000000, 0.785398
51.000000, 20.000000, -0.000000, -1.240929, 0.000000, 0.942478
51.100000, 20.000000, -0.000000, -1.130973, 0.000000, 1.099557
51.200000, 20.000000, -0.000000, -1.005310, 0.000000, 1.256637
51.300000, 20.000000, -0.000000, -0.863938, 0.000000, 1.413717
51.400000, 20.000000, -0.000000, -0.706858, 0.000000, 1.570796
51.500000, 20.000000, -0.000000, -0.565487, 0.000000, 1.413717
51.600000, 20.000000, -0.000000, -0.439823, 0.000000, 1.256637
51.700000, 20.000000, -0.000000, -0.329867, 0.000000, 1.099557
51.800000, 20.000000, -0.000000, -0.235619, 0.000000, 0.942478
51.900000, 20.000000, -0.000000, -0.157080, 0.000000, 0.785398
52.000000, 20.000000, -0.000000, -0.094248, 0.000000, 0.628319
52.100000, 20.000000, -0.000000, -0.047124, 0.000000, 0.471239
52.200000, 20.000000, -0.000000, -0.015708, 0.000000, 0.314159
52.300000, 20.000000, -0.000000, 0.000000, 0.000000, 0.157080
52.400000, 20.000000, -0.000000, 0.000000, 0.000000, 0.000000
52.500000, 20.010000, -0.000000, 0.000000, 0.100000, 0.000000
52.600000, 20.030000, -0.000000, 0.000000, 0.200000, 0.000000
52.700000, 20.060000, -0.000000, 0.000000, 0.300000, 0.000000
52.800000, 20.100000, -0.000000, 0.000000, 0.400000, 0.000000
52.900000, 20.150000, -0.000000, 0.000000, 0.500000, 0.000000
53.000000, 20.210000, -0.000000, 0.000000, 0.600000, 0.000000
53.100000, 20.280000, -0.000000, 0.000000, 0.700000, 0.000000
53.200000, 20.360000, -0.000000, 0.000000, 0.800000, 0.000000
53.300000, 20.450000, -0.000000, 0.000000, 0.900000, 0.000000
53.400000, 20.550000, -0.000000, 0.000000, 1.000000, 0.000000
53.500000, 20.650000, -0.000000, 0.000000, 1.000000, 0.000000
53.600000, 20.750000, -0.000000, 0.000000, 1.000000, 0.000000
53.700000, 20.850000, -0.000000, 0.000000, 1.000000, 0.000000
53.800000, 20.950000, -0.000000, 0.000000, 1.000000, 0.000000
53.900000, 21.050000, -0.000000, 0.000000, 1.000000, 0.000000
54.000000, 21.150000, -0.000000, 0.000000, 1.000000, 0.000000
54.100000, 21.250000, -0.000000, 0.000000, 1.000000, 0.000000
54.200000, 21.350000, -0.000000, 0.000000, 1.000000, 0.000000
54.300000, 21.450000, -0.000000, 0.000000, 1.000000, 0.000000
54.400000, 21.550000, 0.000000, 0.000000, 1.000000, 0.000000
54.500000, 21.650000, 0.000000, 0.000000, 1.000000, 0.000000
54.600000, 21.750000, 0.000000, 0.000000, 1.000000, 0.000000
54.700000, 21.850000, 0.000000, 0.000000, 1.000000, 0.000000
54.800000, 21.950000, 0.000000, 0.000000, 1.000000, 0.000000
54.900000, 22.050000, 0.000000, 0.000000, 1.000000, 0.000000
55.000000, 22.150000, 0.000000, 0.000000, 1.000000, 0.000000
55.100000, 22.250000, 0.000000, 0.000000, 1.000000, 0.000000
55.200000, 22.350000, 0.000000, 0.000000, 1.000000, 0.000000
55.300000, 22.450000, 0.000000, 0.000000, 1.000000, 0.000000
55.400000, 22.550000, 0.000000, 0.000000, 1.000000, 0.000000
55.500000, 22.650000, 0.000000, 0.000000, 1.000000, 0.000000
55.600000, 22.750000, 0.000000, 0.000000, 1.000000, 0.000000
55.700000, 22.850000, 0.000000, 0.000000, 1.000000, 0.000000
55.800000, 22.950000, 0.000000, 0.000000, 1.000000, 0.000000
55.900000, 23.050000, 0.000000, 0.000000, 1.000000, 0.000000
56.000000, 23.150000, 0.000000, 0.000000, 1.000000, 0.000000
56.100000, 23.250000, 0.000000, 0.000000, 1.000000, 0.000000
56.200000, 23.350000, 0.000000, 0.000000, 1.000000, 0.000000
56.300000, 23.450000, 0.000000, 0.000000, 1.000000, 0.000000
56.400000, 23.550000, 0.000000, 0.000000, 1.000000, 0.000000
56.500000, 23.650000, 0.000000, 0.000000, 1.000000, 0.000000
56.600000, 23.750000, 0.000000, 0.000000, 1.000000, 0.000000
56.700000, 23.850000, 0.000000, 0.000000, 1.000000, 0.000000
56.800000, 23.950000, 0.000000, 0.000000, 1.000000, 0.000000
56.900000, 24.050000, 0.000000, 0.000000, 1.000000, 0.000000
57.000000, 24.150000, 0.000000, 0.000000, 1.000000, 0.000000
57.100000, 24.250000, 0.000000, 0.000000, 1.000000, 0.000000
57.200000, 24.350000, 0.000000, 0.000000, 1.000000, 0.000000
57.300000, 24.450000, 0.000000, 0.000000, 1.000000, 0.000000
57.400000, 24.550000, 0.000000, 0.000000, 1.000000, 0.000000
57.500000, 24.650000, 0.000000, 0.000000, 1.000000, 0.000000
57.600000, 24.750000, 0.000000, 0.000000, 1.000000, 0.000000
57.700000, 24.850000, 0.000000, 0.000000, 1.000000, 0.000000
57.800000, 24.950000, 0.000000, 0.000000, 1.000000, 0.000000
57.900000, 25.050000, 0.000000, 0.000000, 1.000000, 0.000000
58.000000, 25.150000, 0.000000, 0.000000, 1.000000, 0.000000
58.100000, 25.250000, 0.000000, 0.000000, 1.000000, 0.000000
58.200000, 25.350000, 0.000000, 0.000000, 1.000000, 0.000000
58.300000, 25.450000, 0.000000, 0.000000, 1.000000, 0.000000
58.400000, 25.550000, 0.000000, 0.000000, 1.000000, 0.000000
58.500000, 25.650000, 0.000000, 0.000000, 1.000000, 0.000000
58.600000, 25.750000, 0.000000, 0.000000, 1.000000, 0.000000
58.700000, 25.850000, 0.000000, 0.000000, 1.000000, 0.000000
58.800000, 25.950000, 0.000000, 0.000000, 1.000000, 0.000000
58.900000, 26.050000, 0.000000, 0.000000, 1.000000, 0.000000
59.000000, 26.150000, 0.000000, 0.000000, 1.000000, 0.000000
59.100000, 26.250000, 0.000000, 0.000000, 1.000000, 0.000000
59.200000, 26.350000, 0.000000, 0.000000, 1.000000, 0.000000
59.300000, 26.450000, 0.000000, 0.000000, 1.000000, 0.000000
59.400000, 26.550000, 0.000000, 0.000000, 1.000000, 0.000000
59.500000, 26.650000, 0.000000, 0.000000, 1.000000, 0.000000
59.600000, 26.750000, 0.000000, 0.000000, 1.000000, 0.000000
59.700000, 26.850000, 0.000000, 0.000000, 1.000000, 0.000000
59.800000, 26.950000, 0.000000, 0.000000, 1.000000, 0.000000
59.900000, 27.050000, 0.000000, 0.000000, 1.000000, 0.000000
60.000000, 27.150000, 0.000000, 0.000000, 1.000000, 0.000000
60.100000, 27.250000, 0.000000, 0.000000, 1.000000, 0.000000
60.200000, 27.350000, 0.000000, 0.000000, 1.000000, 0.000000
60.300000, 27.450000, 0.000000, 0.000000, 1.000000, 0.000000
60.400000, 27.550000, 0.000000, 0.000000, 1.000000, 0.000000
60.500000, 27.650000, 0.000000, 0.000000, 1.000000, 0.000000
60.600000, 27.750000, 0.000000, 0.000000, 1.000000, 0.000000
60.700000, 27.850000, 0.000000, 0.000000, 1.000000, 0.000000
60.800000, 27.950000, 0.000000, 0.000000, 1.000000, 0.000000
60.900000, 28.050000, 0.000000, 0.000000, 1.000000, 0.000000
61.000000, 28.150000, 0.000000, 0.000000, 1.000000, 0.000000
61.100000, 28.250000, 0.000000, 0.000000, 1.000000, 0.000000
61.200000, 28.350000, 0.000000, 0.000000, 1.000000, 0.000000
61.300000, 28.450000, 0.000000, 0.000000, 1.000000, 0.000000
61.400000, 28.550000, 0.000000, 0.000000, 1.000000, 0.000000
61.500000, 28.650000, 0.000000, 0.000000, 1.000000, 0.000000
61.600000, 28.750000, 0.000000, 0.000000, 1.000000, 0.000000
61.700000, 28.850000, 0.000000, 0.000000, 1.000000, 0.000000
61.800000, 28.950000, 0.000000, 0.000000, 1.000000, 0.000000
61.900000, 29.050000, 0.000000, 0.000000, 1.000000, 0.000000
62.000000, 29.150000, 0.000000, 0.000000, 1.000000, 0.000000
62.100000, 29.250000, 0.000000, 0.000000, 1.000000, 0.000000
62.200000, 29.350000, 0.000000, 0.000000, 1.000000, 0.000000
62.300000, 29.450000, 0.000000, 0.000000, 1.000000, 0.000000
62.400000, 29.550000, 0.000000, 0.000000, 1.000000, 0.000000
62.500000, 29.640000, 0.000000, 0.000000, 0.900000, 0.000000
62.600000, 29.720000, 0.000000, 0.000000, 0.800000, 0.000000
62.700000, 29.790000, 0.000000, 0.000000, 0.700000, 0.000000
62.800000, 29.850000, 0.000000, 0.000000, 0.600000, 0.000000
62.900000, 29.900000, 0.000000, 0.000000, 0.500000, 0.000000
63.000000, 29.940000, 0.000000, 0.000000, 0.400000, 0.000000
63.100000, 29.970000, 0.000000, 0.000000, 0.300000, 0.000000
63.200000, 29.990000, 0.000000, 0.000000, 0.200000, 0.000000
63.300000, 30.000000, 0.000000, 0.000000, 0.100000, 0.000000
63.400000, 30.000000, 0.000000, 0.000000, 0.000000, 0.000000
63.500000, 30.000000, 0.000000, 0.000000, 0.000000, 0.000000
63.600000, 30.000000, 0.000000, 0.015708, 0.000000, 0.157080
63.700000, 30.000000, 0.000000, 0.047124, 0.000000, 0.314159
63.800000, 30.000000, 0.000000, 0.094248, 0.000000, 0.471239
63.900000, 30.000000, 0.000000, 0.157080, 0.000000, 0.628319
64.000000, 30.000000, 0.000000, 0.235619, 0.000000, 0.785398
64.100000, 30.000000, 0.000000, 0.329867, 0.000000, 0.942478
64.200000, 30.000000, 0.000000, 0.439823, 0.000000, 1.099557
64.300000, 30.000000, 0.000000, 0.565487, 0.000000, 1.256637
64.400000, 30.000000, 0.000000, 0.706858, 0.000000, 1.413717
64.500000, 30.000000, 0.000000, 0.863938, 0.000000, 1.570796
64.600000, 30.000000, 0.000000, 1.005310, 0.000000, 1.413717
64.700000, 30.000000, 0.000000, 1.130973, 0.000000, 1.256637
64.800000, 30.000000, 0.000000, 1.240929, 0.000000, 1.099557
64.900000, 30.000000, 0.000000, 1.335177, 0.000000, 0.942478
65.000000, 30.000000, 0.000000, 1.413717, 0.000000, 0.785398
65.100000, 30.000000, 0.000000, 1.476549, 0.000000, 0.628319
65.200000, 30.000000, 0.000000, 1.523672, 0.000000, 0.471239
65.300000, 30.000000, 0.000000, 1.555088, 0.000000, 0.314159
65.400000, 30.000000, 0.000000, 1.570796, 0.000000, 0.157080
65.500000, 30.000000, 0.000000, 1.570796, 0.000000, 0.000000
65.600000, 30.000000, 0.010000, 1.570796, 0.100000, 0.000000
65.700000, 30.000000, 0.030000, 1.570796, 0.200000, 0.000000
65.800000, 30.000000, 0.060000, 1.570796, 0.300000, 0.000000
65.900000, 30.000000, 0.100000, 1.570796, 0.400000, 0.000000
66.000000, 30.000000, 0.150000, 1.570796, 0.500000, 0.000000
66.100000, 30.000000, 0.210000, 1.570796, 0.600000, 0.000000
66.200000, 30.000000, 0.280000, 1.570796, 0.700000, 0.000000
66.300000, 30.000000, 0.360000, 1.570796, 0.800000, 0.000000
66.400000, 30.000000, 0.450000, 1.570796, 0.900000, 0.000000
66.500000, 30.000000, 0.550000, 1.570796, 1.000000, 0.000000
66.600000, 30.000000, 0.650000, 1.570796, 1.000000, 0.000000
66.700000, 30.000000, 0.750000, 1.570796, 1.000000, 0.000000
66.800000, 30.000000, 0.850000, 1.570796, 1.000000, 0.000000
66.900000, 30.000000, 0.950000, 1.570796, 1.000000, 0.000000
67.000000, 30.000000, 1.050000, 1.570796, 1.000000, 0.000000
67.100000, 30.000000, 1.150000, 1.570796, 1.000000, 0.000000
67.200000, 30.000000, 1.250000, 1.570796, 1.000000, 0.000000
67.300000, 30.000000, 1.350000, 1.570796, 1.000000, 0.000000
67.400000, 30.000000, 1.450000, 1.570796, 1.000000, 0.000000
67.500000, 30.000000, 1.550000, 1.570796, 1.000000, 0.000000
67.600000, 30.000000, 1.650000, 1.570796, 1.000000, 0.000000
67.700000, 30.000000, 1.750000, 1.570796, 1.000000, 0.000000
67.800000, 30.000000, 1.850000, 1.570796, 1.000000, 0.000000
67.900000, 30.000000, 1.950000, 1.570796, 1.000000, 0.000000
68.000000, 30.000000, 2.050000, 1.570796, 1.000000, 0.000000
68.100000, 30.000000, 2.150000, 1.570796, 1.000000, 0.000000
68.200000, 30.000000, 2.250000, 1.570796, 1.000000, 0.000000
68.300000, 30.000000, 2.350000, 1.570796, 1.000000, 0.000000
68.400000, 30.000000, 2.450000, 1.570796, 1.000000, 0.000000
68.500000, 30.000000, 2.550000, 1.570796, 1.000000, 0.000000
68.600000, 30.000000, 2.650000, 1.570796, 1.000000, 0.000000
68.700000, 30.000000, 2.750000, 1.570796, 1.000000, 0.000000
68.800000, 30.000000, 2.850000, 1.570796, 1.000000, 0.000000
68.900000, 30.000000, 2.950000, 1.570796, 1.000000, 0.000000
69.000000, 30.000000, 3.050000, 1.570796, 1.000000, 0.000000
69.100000, 30.000000, 3.150000, 1.570796, 1.000000, 0.000000
69.200000, 30.000000, 3.250000, 1.570796, 1.000000, 0.000000
69.300000, 30.000000, 3.350000, 1.570796, 1.000000, 0.000000
69.400000, 30.000000, 3.450000, 1.570796, 1.000000, 0.000000
69.500000, 30.000000, 3.550000, 1.570796, 1.000000, 0.000000
69.600000, 30.000000, 3.650000, 1.570796, 1.000000, 0.000000
69.700000, 30.000000, 3.750000, 1.570796, 1.000000, 0.000000
69.800000, 30.000000, 3.850000, 1.570796, 1.000000, 0.000000
69.900000, 30.000000, 3.950000, 1.570796, 1.000000, 0.000000
70.000000, 30.000000, 4.050000, 1.570796, 1.000000, 0.000000
70.100000, 30.000000, 4.150000, 1.570796, 1.000000, 0.000000
70.200000, 30.000000, 4.250000, 1.570796, 1.000000, 0.000000
70.300000, 30.000000, 4.350000, 1.570796, 1.000000, 0.000000
70.400000, 30.000000, 4.450000, 1.570796, 1.000000, 0.000000
70.500000, 30.000000, 4.550000, 1.570796, 1.000000, 0.000000
70.600000, 30.000000, 4.650000, 1.570796, 1.000000, 0.000000
70.700000, 30.000000, 4.750000, 1.570796, 1.000000, 0.000000
70.800000, 30.000000, 4.850000, 1.570796, 1.000000, 0.000000
70.900000, 30.000000, 4.950000, 1.570796, 1.000000, 0.000000
71.000000, 30.000000, 5.050000, 1.570796, 1.000000, 0.000000
71.100000, 30.000000, 5.150000, 1.570796, 1.000000, 0.000000
71.200000, 30.000000, 5.250000, 1.570796, 1.000000, 0.000000
71.300000, 30.000000, 5.350000, 1.570796, 1.000000, 0.000000
71.400000, 30.000000, 5.450000, 1.570796, 1.000000, 0.000000
71.500000, 30.000000, 5.550000, 1.570796, 1.000000, 0.000000
71.600000, 30.000000, 5.650000, 1.570796, 1.000000, 0.000000
71.700000, 30.000000, 5.750000, 1.570796, 1.000000, 0.000000
71.800000, 30.000000, 5.850000, 1.570796, 1.000000, 0.000000
71.900000, 30.000000, 5.950000, 1.570796, 1.000000, 0.000000
72.000000, 30.000000, 6.050000, 1.570796, 1.000000, 0.000000
72.100000, 30.000000, 6.150000, 1.570796, 1.000000, 0.000000
72.200000, 30.000000, 6.250000, 1.570796, 1.000000, 0.000000
72.300000, 30.000000, 6.350000, 1.570796, 1.000000, 0.000000
72.400000, 30.000000, 6.450000, 1.570796, 1.000000, 0.000000
72.500000, 30.000000, 6.550000, 1.570796, 1.000000, 0.000000
72.600000, 30.000000, 6.650000, 1.570796, 1.000000, 0.000000
72.700000, 30.000000, 6.750000, 1.570796, 1.000000, 0.000000
72.800000, 30.000000, 6.850000, 1.570796, 1.000000, 0.000000
72.900000, 30.000000, 6.950000, 1.570796, 1.000000, 0.000000
73.000000, 30.000000, 7.050000, 1.570796, 1.000000, 0.000000
73.100000, 30.000000, 7.150000, 1.570796, 1.000000, 0.000000
73.200000, 30.000000, 7.250000, 1.570796, 1.000000, 0.000000
73.300000, 30.000000, 7.350000, 1.570796, 1.000000, 0.000000
73.400000, 30.000000, 7.450000, 1.570796, 1.000000, 0.000000
73.500000, 30.000000, 7.550000, 1.570796, 1.000000, 0.000000
73.600000, 30.000000, 7.650000, 1.570796, 1.000000, 0.000000
73.700000, 30.000000, 7.750000, 1.570796, 1.000000, 0.000000
73.800000, 30.000000, 7.850000, 1.570796, 1.000000, 0.000000
73.900000, 30.000000, 7.950000, 1.570796, 1.000000, 0.000000
74.000000, 30.000000, 8.050000, 1.570796, 1.000000, 0.000000
74.100000, 30.000000, 8.150000, 1.570796, 1.000000, 0.000000
74.200000, 30.000000, 8.250000, 1.570796, 1.000000, 0.000000
74.300000, 30.000000, 8.350000, 1.570796, 1.000000, 0.000000
74.400000, 30.000000, 8.450000, 1.570796, 1.000000, 0.000000
74.500000, 30.000000, 8.550000, 1.570796, 1.000000, 0.000000
74.600000, 30.000000, 8.650000, 1.570796, 1.000000, 0.000000
74.700000, 30.000000, 8.750000, 1.570796, 1.000000, 0.000000
74.800000, 30.000000, 8.850000, 1.570796, 1.000000, 0.000000
74.900000, 30.000000, 8.950000, 1.570796, 1.000000, 0.000000
75.000000, 30.000000, 9.050000, 1.570796, 1.000000, 0.000000
75.100000, 30.000000, 9.150000, 1.570796, 1.000000, 0.000000
75.200000, 30.000000, 9.250000, 1.570796, 1.000000, 0.000000
75.300000, 30.000000, 9.350000, 1.570796, 1.000000, 0.000000
75.400000, 30.000000, 9.450000, 1.570796, 1.000000, 0.000000
75.500000, 30.000000, 9.550000, 1.570796, 1.000000, 0.000000
75.600000, 30.000000, 9.640000, 1.570796, 0.900000, 0.000000
75.700000, 30.000000, 9.720000, 1.570796, 0.800000, 0.000000
75.800000, 30.000000, 9.790000, 1.570796, 0.700000, 0.000000
75.900000, 30.000000, 9.850000, 1.570796, 0.600000, 0.000000
76.000000, 30.000000, 9.900000, 1.570796, 0.500000, 0.000000
76.100000, 30.000000, 9.940000, 1.570796, 0.400000, 0.000000
76.200000, 30.000000, 9.970000, 1.570796, 0.300000, 0.000000
76.300000, 30.000000, 9.990000, 1.570796, 0.200000, 0.000000
76.400000, 30.000000, 10.000000, 1.570796, 0.100000, 0.000000
76.500000, 30.000000, 10.000000, 1.570796, 0.000000, 0.000000
76.600000, 30.000000, 10.000000, 1.570796, 0.000000, 0.000000
76.700000, 30.000000, 10.000000, 1.555088, 0.000000, -0.157080
76.800000, 30.000000, 10.000000, 1.523672, 0.000000, -0.314159
76.900000, 30.000000, 10.000000, 1.476549, 0.000000, -0.471239
77.000000, 30.000000, 10.000000, 1.413717, 0.000000, -0.628319
77.100000, 30.000000, 10.000000, 1.335177, 0.000000, -0.785398
77.200000, 30.000000, 10.000000, 1.240929, 0.000000, -0.942478
77.300000, 30.000000, 10.000000, 1.130973, 0.000000, -1.099557
77.400000, 30.000000, 10.000000, 1.005310, 0.000000, -1.256637
77.500000, 30.000000, 10.000000, 0.863938, 0.000000, -1.413717
77.600000, 30.000000, 10.000000, 0.706858, 0.000000, -1.570796
77.700000, 30.000000, 10.000000, 0.565487, 0.000000, -1.413717
77.800000, 30.000000, 10.000000, 0.439823, 0.000000, -1.256637
77.900000, 30.000000, 10.000000, 0.329867, 0.000000, -1.099557
78.000000, 30.000000, 10.000000, 0.235619, 0.000000, -0.942478
78.100000, 30.000000, 10.000000, 0.157080, 0.000000, -0.785398
78.200000, 30.000000, 10.000000, 0.094248, 0.000000, -0.628319
78.300000, 30.000000, 10.000000, 0.047124, 0.000000, -0.471239
78.400000, 30.000000, 10.000000, 0.015708, 0.000000, -0.314159
78.500000, 30.000000, 10.000000, 0.000000, 0.000000, -0.157080
78.600000, 30.000000, 10.000000, 0.000000, 0.000000, 0.000000
78.700000, 30.010000, 10.000000, 0.000000, 0.100000, 0.000000
78.800000, 30.030000, 10.000000, 0.000000, 0.200000, 0.000000
78.900000, 30.060000, 10.000000, 0.000000, 0.300000, 0.000000
79.000000, 30.100000, 10.000000, 0.000000, 0.400000, 0.000000
79.100000, 30.150000, 10.000000, 0.000000, 0.500000, 0.000000
79.200000, 30.210000, 10.000000, 0.000000, 0.600000, 0.000000
79.300000, 30.280000, 10.000000, 0.000000, 0.700000, 0.000000
79.400000, 30.360000, 10.000000, 0.000000, 0.800000, 0.000000
79.500000, 30.450000, 10.000000, 0.000000, 0.900000, 0.000000
79.600000, 30.550000, 10.000000, 0.000000, 1.000000, 0.000000
79.700000, 30.650000, 10.000000, 0.000000, 1.000000, 0.000000
79.800000, 30.750000, 10.000000, 0.000000, 1.000000, 0.000000
79.900000, 30.850000, 10.000000, 0.000000, 1.000000, 0.000000
80.000000, 30.950000, 10.000000, 0.000000, 1.000000, 0.000000
80.100000, 31.050000, 10.000000, 0.000000, 1.000000, 0.000000
80.200000, 31.150000, 10.000000, 0.000000, 1.000000, 0.000000
80.300000, 31.250000, 10.000000, 0.000000, 1.000000, 0.000000
80.400000, 31.350000, 10.000000, 0.000000, 1.000000, 0.000000
80.500000, 31.450000, 10.000000, 0.000000, 1.000000, 0.000000
80.600000, 31.550000, 10.000000, 0.000000, 1.000000, 0.000000
80.700000, 31.650000, 10.000000, 0.000000, 1.000000, 0.000000
80.800000, 31.750000, 10.000000, 0.000000, 1.000000, 0.000000
80.900000, 31.850000, 10.000000, 0.000000, 1.000000, 0.000000
81.000000, 31.950000, 10.000000, 0.000000, 1.000000, 0.000000
81.100000, 32.050000, 10.000000, 0.000000, 1.000000, 0.000000
81.200000, 32.150000, 10.000000, 0.000000, 1.000000, 0.000000
81.300000, 32.250000, 10.000000, 0.000000, 1.000000, 0.000000
81.400000, 32.350000, 10.000000, 0.000000, 1.000000, 0.000000
81.500000, 32.450000, 10.000000, 0.000000, 1.000000, 0.000000
81.600000, 32.550000, 10.000000, 0.000000, 1.000000, 0.000000
81.700000, 32.650000, 10.000000, 0.000000, 1.000000, 0.000000
81.800000, 32.750000, 10.000000, 0.000000, 1.000000, 0.000000
81.900000, 32.850000, 10.000000, 0.000000, 1.000000, 0.000000
82.000000, 32.950000, 10.000000, 0.000000, 1.000000, 0.000000
82.100000, 33.050000, 10.000000, 0.000000, 1.000000, 0.000000
82.200000, 33.150000, 10.000000, 0.000000, 1.000000, 0.000000
82.300000, 33.250000, 10.000000, 0.000000, 1.000000, 0.000000
82.400000, 33.350000, 10.000000, 0.000000, 1.000000, 0.000000
82.500000, 33.450000, 10.000000, 0.000000, 1.000000, 0.000000
82.600000, 33.550000, 10.000000, 0.000000, 1.000000, 0.000000
82.700000, 33.650000, 10.000000, 0.000000, 1.000000, 0.000000
82.800000, 33.750000, 10.000000, 0.000000, 1.000000, 0.000000
82.900000, 33.850000, 10.000000, 0.000000, 1.000000, 0.000000
83.000000, 33.950000, 10.000000, 0.000000, 1.000000, 0.000000
83.100000, 34.050000, 10.000000, 0.000000, 1.000000, 0.000000
83.200000, 34.150000, 10.000000, 0.000000, 1.000000, 0.000000
83.300000, 34.250000, 10.000000, 0.000000, 1.000000, 0.000000
83.400000, 34.350000, 10.000000, 0.000000, 1.000000, 0.000000
83.500000, 34.450000, 10.000000, 0.000000, 1.000000, 0.000000
83.600000, 34.550000, 10.000000, 0.000000, 1.000000, 0.000000
83.700000, 34.650000, 10.000000, 0.000000, 1.000000, 0.000000
83.800000, 34.750000, 10.000000, 0.000000, 1.000000, 0.000000
83.900000, 34.850000, 10.000000, 0.000000, 1.000000, 0.000000
84.000000, 34.950000, 10.000000, 0.000000, 1.000000, 0.000000
84.100000, 35.050000, 10.000000, 0.000000, 1.000000, 0.000000
84.200000, 35.150000, 10.000000, 0.000000, 1.000000, 0.000000
84.300000, 35.250000, 10.000000, 0.000000, 1.000000, 0.000000
84.400000, 35.350000, 10.000000, 0.000000, 1.000000, 0.000000
84.500000, 35.450000, 10.000000, 0.000000, 1.000000, 0.000000
84.600000, 35.550000, 10.000000, 0.000000, 1.000000, 0.000000
84.700000, 35.650000, 10.000000, 0.000000, 1.000000, 0.000000
84.800000, 35.750000, 10.000000, 0.000000, 1.000000, 0.000000
84.900000, 35.850000, 10.000000, 0.000000, 1.000000, 0.000000
85.000000, 35.950000, 10.000000, 0.000000, 1.000000, 0.000000
85.100000, 36.050000, 10.000000, 0.000000, 1.000000, 0.000000
85.200000, 36.150000, 10.000000, 0.000000, 1.000000, 0.000000
85.300000, 36.250000, 10.000000, 0.000000, 1.000000, 0.000000
85.400000, 36.350000, 10.000000, 0.000000, 1.000000, 0.000000
85.500000, 36.450000, 10.000000, 0.000000, 1.000000, 0.000000
85.600000, 36.550000, 10.000000, 0.000000, 1.000000, 0.000000
85.700000, 36.650000, 10.000000, 0.000000, 1.000000, 0.000000
85.800000, 36.750000, 10.000000, 0.000000, 1.000000, 0.000000
85.900000, 36.850000, 10.000000, 0.000000, 1.000000, 0.000000
86.000000, 36.950000, 10.000000, 0.000000, 1.000000, 0.000000
86.100000, 37.050000, 10.000000, 0.000000, 1.000000, 0.000000
86.200000, 37.150000, 10.000000, 0.000000, 1.000000, 0.000000
86.300000, 37.250000, 10.000000, 0.000000, 1.000000, 0.000000
86.400000, 37.350000, 10.000000, 0.000000, 1.000000, 0.000000
86.500000, 37.450000, 10.000000, 0.000000, 1.000000, 0.000000
86.600000, 37.550000, 10.000000, 0.000000, 1.000000, 0.000000
86.700000, 37.650000, 10.000000, 0.000000, 1.000000, 0.000000
86.800000, 37.750000, 10.000000, 0.000000, 1.000000, 0.000000
86.900000, 37.850000, 10.000000, 0.000000, 1.000000, 0.000000
87.000000, 37.950000, 10.000000, 0.000000, 1.000000, 0.000000
87.100000, 38.050000, 10.000000, 0.000000, 1.000000, 0.000000
87.200000, 38.150000, 10.000000, 0.000000, 1.000000, 0.000000
87.300000, 38.250000, 10.000000, 0.000000, 1.000000, 0.000000
87.400000, 38.350000, 10.000000, 0.000000, 1.000000, 0.000000
87.500000, 38.450000, 10.000000, 0.000000, 1.000000, 0.000000
87.600000, 38.550000, 10.000000, 0.000000, 1.000000, 0.000000
87.700000, 38.650000, 10.000000, 0.000000, 1.000000, 0.000000
87.800000, 38.750000, 10.000000, 0.000000, 1.000000, 0.000000
87.900000, 38.850000, 10.000000, 0.000000, 1.000000, 0.000000
88.000000, 38.950000, 10.000000, 0.000000, 1.000000, 0.000000
88.100000, 39.050000, 10.000000, 0.000000, 1.000000, 0.000000
88.200000, 39.150000, 10.000000, 0.000000, 1.000000, 0.000000
88.300000, 39.250000, 10.000000, 0.000000, 1.000000, 0.000000
88.400000, 39.350000, 10.000000, 0.000000, 1.000000, 0.000000
88.500000, 39.450000, 10.000000, 0.000000, 1.000000, 0.000000
88.600000, 39.550000, 10.000000, 0.000000, 1.000000, 0.000000
88.700000, 39.640000, 10.000000, 0.000000, 0.900000, 0.000000
88.800000, 39.720000, 10.000000, 0.000000, 0.800000, 0.000000
88.900000, 39.790000, 10.000000, 0.000000, 0.700000, 0.000000
89.000000, 39.850000, 10.000000, 0.000000, 0.600000, 0.000000
89.100000, 39.900000, 10.000000, 0.000000, 0.500000, 0.000000
89.200000, 39.940000, 10.000000, 0.000000, 0.400000, 0.000000
89.300000, 39.970000, 10.000000, 0.000000, 0.300000, 0.000000
89.400000, 39.990000, 10.000000, 0.000000, 0.200000, 0.000000
89.500000, 40.000000, 10.000000, 0.000000, 0.100000, 0.000000
89.600000, 40.000000, 10.000000, 0.000000, 0.000000, 0.000000
89.700000, 40.000000, 10.000000, 0.000000, 0.000000, 0.000000
89.800000, 40.000000, 10.000000, -0.015708, 0.000000, -0.157080
89.900000, 40.000000, 10.000000, -0.047124, 0.000000, -0.314159
90.000000, 40.000000, 10.000000, -0.094248, 0.000000, -0.471239
90.100000, 40.000000, 10.000000, -0.157080, 0.000000, -0.628319
90.200000, 40.000000, 10.000000, -0.235619, 0.000000, -0.785398
90.300000, 40.000000, 10.000000, -0.329867, 0.000000, -0.942478
90.400000, 40.000000, 10.000000, -0.439823, 0.000000, -1.099557
90.500000, 40.000000, 10.000000, -0.565487, 0.000000, -1.256637
90.600000, 40.000000, 10.000000, -0.706858, 0.000000, -1.413717
90.700000, 40.000000, 10.000000, -0.863938, 0.000000, -1.570796
90.800000, 40.000000, 10.000000, -1.005310, 0.000000, -1.413717
90.900000, 40.000000, 10.000000, -1.130973, 0.000000, -1.256637
91.000000, 40.000000, 10.000000, -1.240929, 0.000000, -1.099557
91.100000, 40.000000, 10.000000, -1.335177, 0.000000, -0.942478
91.200000, 40.000000, 10.000000, -1.413717, 0.000000, -0.785398
91.300000, 40.000000, 10.000000, -1.476549, 0.000000, -0.628319
91.400000, 40.000000, 10.000000, -1.523672, 0.000000, -0.471239
91.500000, 40.000000, 10.000000, -1.555088, 0.000000, -0.314159
91.600000, 40.000000, 10.000000, -1.570796, 0.000000, -0.157080
91.700000, 40.000000, 10.000000, -1.570796, 0.000000, 0.000000
91.800000, 40.000000, 9.990000, -1.570796, 0.100000, 0.000000
91.900000, 40.000000, 9.970000, -1.570796, 0.200000, 0.000000
92.000000, 40.000000, 9.940000, -1.570796, 0.300000, 0.000000
92.100000, 40.000000, 9.900000, -1.570796, 0.400000, 0.000000
92.200000, 40.000000, 9.850000, -1.570796, 0.500000, 0.000000
92.300000, 40.000000, 9.790000, -1.570796, 0.600000, 0.000000
92.400000, 40.000000, 9.720000, -1.570796, 0.700000, 0.000000
92.500000, 40.000000, 9.640000, -1.570796, 0.800000, 0.000000
92.600000, 40.000000, 9.550000, -1.570796, 0.900000, 0.000000
92.700000, 40.000000, 9.450000, -1.570796, 1.000000, 0.000000
92.800000, 40.000000, 9.350000, -1.570796, 1.000000, 0.000000
92.900000, 40.000000, 9.250000, -1.570796, 1.000000, 0.000000
93.000000, 40.000000, 9.150000, -1.570796, 1.000000, 0.000000
93.100000, 40.000000, 9.050000, -1.570796, 1.000000, 0.000000
93.200000, 40.000000, 8.950000, -1.570796, 1.000000, 0.000000
93.300000, 40.000000, 8.850000, -1.570796, 1.000000, 0.000000
93.400000, 40.000000, 8.750000, -1.570796, 1.000000, 0.000000
93.500000, 40.000000, 8.650000, -1.570796, 1.000000, 0.000000
93.600000, 40.000000, 8.550000, -1.570796, 1.000000, 0.000000
93.700000, 40.000000, 8.450000, -1.570796, 1.000000, 0.000000
93.800000, 40.000000, 8.350000, -1.570796, 1.000000, 0.000000
93.900000, 40.000000, 8.250000, -1.570796, 1.000000, 0.000000
94.000000, 40.000000, 8.150000, -1.570796, 1.000000, 0.000000
94.100000, 40.000000, 8.050000, -1.570796, 1.000000, 0.000000
94.200000, 40.000000, 7.950000, -1.570796, 1.000000, 0.000000
94.300000, 40.000000, 7.850000, -1.570796, 1.000000, 0.000000
94.400000, 40.000000, 7.750000, -1.570796, 1.000000, 0.000000
94.500000, 40.000000, 7.650000, -1.570796, 1.000000, 0.000000
94.600000, 40.000000, 7.550000, -1.570796, 1.000000, 0.000000
94.700000, 40.000000, 7.450000, -1.570796, 1.000000, 0.000000
94.800000, 40.000000, 7.350000, -1.570796, 1.000000, 0.000000
94.900000, 40.000000, 7.250000, -1.570796, 1.000000, 0.000000
95.000000, 40.000000, 7.150000, -1.570796, 1.000000, 0.000000
95.100000, 40.000000, 7.050000, -1.570796, 1.000000, 0.000000
95.200000, 40.000000, 6.950000, -1.570796, 1.000000, 0.000000
95.300000, 40.000000, 6.850000, -1.570796, 1.000000, 0.000000
95.400000, 40.000000, 6.750000, -1.570796, 1.000000, 0.000000
95.500000, 40.000000, 6.650000, -1.570796, 1.000000, 0.000000
95.600000, 40.000000, 6.550000, -1.570796, 1.000000, 0.000000
95.700000, 40.000000, 6.450000, -1.570796, 1.000000, 0.000000
95.800000, 40.000000, 6.350000, -1.570796, 1.000000, 0.000000
95.900000, 40.000000, 6.250000, -1.570796, 1.000000, 0.000000
96.000000, 40.000000, 6.150000, -1.570796, 1.000000, 0.000000
96.100000, 40.000000, 6.050000, -1.570796, 1.000000, 0.000000
96.200000, 40.000000, 5.950000, -1.570796, 1.000000, 0.000000
96.300000, 40.000000, 5.850000, -1.570796, 1.000000, 0.000000
96.400000, 40.000000, 5.750000, -1.570796, 1.000000, 0.000000
96.500000, 40.000000, 5.650000, -1.570796, 1.000000, 0.000000
96.600000, 40.000000, 5.550000, -1.570796, 1.000000, 0.000000
96.700000, 40.000000, 5.450000, -1.570796, 1.000000, 0.000000
96.800000, 40.000000, 5.350000, -1.570796, 1.000000, 0.000000
96.900000, 40.000000, 5.250000, -1.570796, 1.000000, 0.000000
97.000000, 40.000000, 5.150000, -1.570796, 1.000000, 0.000000
97.100000, 40.000000, 5.050000, -1.570796, 1.000000, 0.000000
97.200000, 40.000000, 4.950000, -1.570796, 1.000000, 0.000000
97.300000, 40.000000, 4.850000, -1.570796, 1.000000, 0.000000
97.400000, 40.000000, 4.750000, -1.570796, 1.000000, 0.000000
97.500000, 40.000000, 4.650000, -1.570796, 1.000000, 0.000000
97.600000, 40.000000, 4.550000, -1.570796, 1.000000, 0.000000
97.700000, 40.000000, 4.450000, -1.570796, 1.000000, 0.000000
97.800000, 40.000000, 4.350000, -1.570796, 1.000000, 0.000000
97.900000, 40.000000, 4.250000, -1.570796, 1.000000, 0.000000
98.000000, 40.000000, 4.150000, -1.570796, 1.000000, 0.000000
98.100000, 40.000000, 4.050000, -1.570796, 1.000000, 0.000000
98.200000, 40.000000, 3.950000, -1.570796, 1.000000, 0.000000
98.300000, 40.000000, 3.850000, -1.570796, 1.000000, 0.000000
98.400000, 40.000000, 3.750000, -1.570796, 1.000000, 0.000000
98.500000, 40.000000, 3.650000, -1.570796, 1.000000, 0.000000
98.600000, 40.000000, 3.550000, -1.570796, 1.000000, 0.000000
98.700000, 40.000000, 3.450000, -1.570796, 1.000000, 0.000000
98.800000, 40.000000, 3.350000, -1.570796, 1.000000, 0.000000
98.900000, 40.000000, 3.250000, -1.570796, 1.000000, 0.000000
99.000000, 40.000000, 3.150000, -1.570796, 1.000000, 0.000000
99.100000, 40.000000, 3.050000, -1.570796, 1.000000, 0.000000
99.200000, 40.000000, 2.950000, -1.570796, 1.000000, 0.000000
99.300000, 40.000000, 2.850000, -1.570796, 1.000000, 0.000000
99.400000, 40.000000, 2.750000, -1.570796, 1.000000, 0.000000
99.500000, 40.000000, 2.650000, -1.570796, 1.000000, 0.000000
99.600000, 40.000000, 2.550000, -1.570796, 1.000000, 0.000000
99.700000, 40.000000, 2.450000, -1.570796, 1.000000, 0.000000
99.800000, 40.000000, 2.350000, -1.570796, 1.000000, 0.000000
99.900000, 40.000000, 2.250000, -1.570796, 1.000000, 0.000000
100.000000, 40.000000, 2.150000, -1.570796, 1.000000, 0.000000
100.100000, 40.000000, 2.050000, -1.570796, 1.000000, 0.000000
100.200000, 40.000000, 1.950000, -1.570796, 1.000000, 0.000000
100.300000, 40.000000, 1.850000, -1.570796, 1.000000, 0.000000
100.400000, 40.000000, 1.750000, -1.570796, 1.000000, 0.000000
100.500000, 40.000000, 1.650000, -1.570796, 1.000000, 0.000000
100.600000, 40.000000, 1.550000, -1.570796, 1.000000, 0.000000
100.700000, 40.000000, 1.450000, -1.570796, 1.000000, 0.000000
100.800000, 40.000000, 1.350000, -1.570796, 1.000000, 0.000000
100.900000, 40.000000, 1.250000, -1.570796, 1.000000, 0.000000
101.000000, 40.000000, 1.150000, -1.570796, 1.000000, 0.000000
101.100000, 40.000000, 1.050000, -1.570796, 1.000000, 0.000000
101.200000, 40.000000, 0.950000, -1.570796, 1.000000, 0.000000
101.300000, 40.000000, 0.850000, -1.570796, 1.000000, 0.000000
101.400000, 40.000000, 0.750000, -1.570796, 1.000000, 0.000000
101.500000, 40.000000, 0.650000, -1.570796, 1.000000, 0.000000
101.600000, 40.000000, 0.550000, -1.570796, 1.000000, 0.000000
101.700000, 40.000000, 0.450000, -1.570796, 1.000000, 0.000000
101.800000, 40.000000, 0.360000, -1.570796, 0.900000, 0.000000
101.900000, 40.000000, 0.280000, -1.570796, 0.800000, 0.000000
102.000000, 40.000000, 0.210000, -1.570796, 0.700000, 0.000000
102.100000, 40.000000, 0.150000, -1.570796, 0.600000, 0.000000
102.200000, 40.000000, 0.100000, -1.570796, 0.500000, 0.000000
102.300000, 40.000000, 0.060000, -1.570796, 0.400000, 0.000000
102.400000, 40.000000, 0.030000, -1.570796, 0.300000, 0.000000
102.500000, 40.000000, 0.010000, -1.570796, 0.200000, 0.000000
102.600000, 40.000000, 0.000000, -1.570796, 0.100000, 0.000000
102.700000, 40.000000, 0.000000, -1.570796, 0.000000, 0.000000
102.800000, 40.000000, 0.000000, -1.570796, 0.000000, 0.000000
102.900000, 40.000000, 0.000000, -1.555088, 0.000000, 0.157080
103.000000, 40.000000, 0.000000, -1.523672, 0.000000, 0.314159
103.100000, 40.000000, 0.000000, -1.476549, 0.000000, 0.471239
103.200000, 40.000000, 0.000000, -1.413717, 0.000000, 0.628319
103.300000, 40.000000, 0.000000, -1.335177, 0.000000, 0.785398
103.400000, 40.000000, 0.000000, -1.240929, 0.000000, 0.942478
103.500000, 40.000000, 0.000000, -1.130973, 0.000000, 1.099557
103.600000, 40.000000, 0.000000, -1.005310, 0.000000, 1.256637
103.700000, 40.000000, 0.000000, -0.863938, 0.000000, 1.413717
103.800000, 40.000000, 0.000000, -0.706858, 0.000000, 1.570796
103.900000, 40.000000, 0.000000, -0.565487, 0.000000, 1.413717
104.000000, 40.000000, 0.000000, -0.439823, 0.000000, 1.256637
104.100000, 40.000000, 0.000000, -0.329867, 0.000000, 1.099557
104.200000, 40.000000, 0.000000, -0.235619, 0.000000, 0.942478
104.300000, 40.000000, 0.000000, -0.157080, 0.000000, 0.785398
104.400000, 40.000000, 0.000000, -0.094248, 0.000000, 0.628319
104.500000, 40.000000, 0.000000, -0.047124, 0.000000, 0.471239
104.600000, 40.000000, 0.000000, -0.015708, 0.000000, 0.314159
104.700000, 40.000000, 0.000000, 0.000000, 0.000000, 0.157080
104.800000, 40.000000, 0.000000, 0.000000, 0.000000, 0.000000
104.900000, 40.010000, 0.000000, 0.000000, 0.100000, 0.000000
105.000000, 40.030000, 0.000000, 0.000000, 0.200000, 0.000000
105.100000, 40.060000, 0.000000, 0.000000, 0.300000, 0.000000
105.200000, 40.100000, 0.000000, 0.000000, 0.400000, 0.000000
105.300000, 40.150000, 0.000000, 0.000000, 0.500000, 0.000000
105.400000, 40.210000, 0.000000, 0.000000, 0.600000, 0.000000
105.500000, 40.280000, 0.000000, 0.000000, 0.700000, 0.000000
105.600000, 40.360000, 0.000000, 0.000000, 0.800000, 0.000000
105.700000, 40.450000, 0.000000, 0.000000, 0.900000, 0.000000
105.800000, 40.550000, 0.000000, 0.000000, 1.000000, 0.000000
105.900000, 40.650000, 0.000000, 0.000000, 1.000000, 0.000000
106.000000, 40.750000, 0.000000, 0.000000, 1.000000, 0.000000
106.100000, 40.850000, 0.000000, 0.000000, 1.000000, 0.000000
106.200000, 40.950000, 0.000000, 0.000000, 1.000000, 0.000000
106.300000, 41.050000, 0.000000, 0.000000, 1.000000, 0.000000
106.400000, 41.150000, 0.000000, 0.000000, 1.000000, 0.000000
106.500000, 41.250000, 0.000000, 0.000000, 1.000000, 0.000000
106.600000, 41.350000, 0.000000, 0.000000, 1.000000, 0.000000
106.700000, 41.450000, 0.000000, 0.000000, 1.000000, 0.000000
106.800000, 41.550000, 0.000000, 0.000000, 1.000000, 0.000000
106.900000, 41.650000, 0.000000, 0.000000, 1.000000, 0.000000
107.000000, 41.750000, 0.000000, 0.000000, 1.000000, 0.000000
107.100000, 41.850000, 0.000000, 0.000000, 1.000000, 0.000000
107.200000, 41.950000, 0.000000, 0.000000, 1.000000, 0.000000
107.300000, 42.050000, 0.000000, 0.000000, 1.000000, 0.000000
107.400000, 42.150000, 0.000000, 0.000000, 1.000000, 0.000000
107.500000, 42.250000, 0.000000, 0.000000, 1.000000, 0.000000
107.600000, 42.350000, 0.000000, 0.000000, 1.000000, 0.000000
107.700000, 42.450000, 0.000000, 0.000000, 1.000000, 0.000000
107.800000, 42.550000, 0.000000, 0.000000, 1.000000, 0.000000
107.900000, 42.650000, 0.000000, 0.000000, 1.000000, 0.000000
108.000000, 42.750000, 0.000000, 0.000000, 1.000000, 0.000000
108.100000, 42.850000, 0.000000, 0.000000, 1.000000, 0.000000
108.200000, 42.950000, 0.000000, 0.000000, 1.000000, 0.000000
108.300000, 43.050000, 0.000000, 0.000000, 1.000000, 0.000000
108.400000, 43.150000, 0.000000, 0.000000, 1.000000, 0.000000
108.500000, 43.250000, 0.000000, 0.000000, 1.000000, 0.000000
108.600000, 43.350000, 0.000000, 0.000000, 1.000000, 0.000000
108.700000, 43.450000, 0.000000, 0.000000, 1.000000, 0.000000
108.800000, 43.550000, 0.000000, 0.000000, 1.000000, 0.000000
108.900000, 43.650000, 0.000000, 0.000000, 1.000000, 0.000000
109.000000, 43.750000, 0.000000, 0.000000, 1.000000, 0.000000
109.100000, 43.850000, 0.000000, 0.000000, 1.000000, 0.000000
109.200000, 43.950000, 0.000000, 0.000000, 1.000000, 0.000000
109.300000, 44.050000, 0.000000, 0.000000, 1.000000, 0.000000
109.400000, 44.150000, 0.000000, 0.000000, 1.000000, 0.000000
109.500000, 44.250000, 0.000000, 0.000000, 1.000000, 0.000000
109.600000, 44.350000, 0.000000, 0.000000, 1.000000, 0.000000
109.700000, 44.450000, 0.000000, 0.000000, 1.000000, 0.000000
109.800000, 44.550000, 0.000000, 0.000000, 1.000000, 0.000000
109.900000, 44.650000, 0.000000, 0.000000, 1.000000, 0.000000
110.000000, 44.750000, 0.000000, 0.000000, 1.000000, 0.000000
110.100000, 44.850000, 0.000000, 0.000000, 1.000000, 0.000000
110.200000, 44.950000, 0.000000, 0.000000, 1.000000, 0.000000
110.300000, 45.050000, 0.000000, 0.000000, 1.000000, 0.000000
110.400000, 45.150000, 0.000000, 0.000000, 1.000000, 0.000000
110.500000, 45.250000, 0.000000, 0.000000, 1.000000, 0.000000
110.600000, 45.350000, 0.000000, 0.000000, 1.000000, 0.000000
110.700000, 45.450000, 0.000000, 0.000000, 1.000000, 0.000000
110.800000, 45.550000, 0.000000, 0.000000, 1.000000, 0.000000
110.900000, 45.650000, 0.000000, 0.000000, 1.000000, 0.000000
111.000000, 45.750000, 0.000000, 0.000000, 1.000000, 0.000000
111.100000, 45.850000, 0.000000, 0.000000, 1.000000, 0.000000
111.200000, 45.950000, 0.000000, 0.000000, 1.000000, 0.000000
111.300000, 46.050000, 0.000000, 0.000000, 1.000000, 0.000000
111.400000, 46.150000, 0.000000, 0.000000, 1.000000, 0.000000
111.500000, 46.250000, 0.000000, 0.000000, 1.000000, 0.000000
111.600000, 46.350000, 0.000000, 0.000000, 1.000000, 0.000000
111.700000, 46.450000, 0.000000, 0.000000, 1.000000, 0.000000
111.800000, 46.550000, 0.000000, 0.000000, 1.000000, 0.000000
111.900000, 46.650000, 0.000000, 0.000000, 1.000000, 0.000000
112.000000, 46.750000, 0.000000, 0.000000, 1.000000, 0.000000
112.100000, 46.850000, 0.000000, 0.000000, 1.000000, 0.000000
112.200000, 46.950000, 0.000000, 0.000000, 1.000000, 0.000000
112.300000, 47.050000, 0.000000, 0.000000, 1.000000, 0.000000
112.400000, 47.150000, 0.000000, 0.000000, 1.000000, 0.000000
112.500000, 47.250000, 0.000000, 0.000000, 1.000000, 0.000000
112.600000, 47.350000, 0.000000, 0.000000, 1.000000, 0.000000
112.700000, 47.450000, 0.000000, 0.000000, 1.000000, 0.000000
112.800000, 47.550000, 0.000000, 0.000000, 1.000000, 0.000000
112.900000, 47.650000, 0.000000, 0.000000, 1.000000, 0.000000
113.000000, 47.750000, 0.000000, 0.000000, 1.000000, 0.000000
113.100000, 47.850000, 0.000000, 0.000000, 1.000000, 0.000000
113.200000, 47.950000, 0.000000, 0.000000, 1.000000, 0.000000
113.300000, 48.050000, 0.000000, 0.000000, 1.000000, 0.000000
113.400000, 48.150000, 0.000000, 0.000000, 1.000000, 0.000000
113.500000, 48.250000, 0.000000, 0.000000, 1.000000, 0.000000
113.600000, 48.350000, 0.000000, 0.000000, 1.000000, 0.000000
113.700000, 48.450000, 0.000000, 0.000000, 1.000000, 0.000000
113.800000, 48.550000, 0.000000, 0.000000, 1.000000, 0.000000
113.900000, 48.650000, 0.000000, 0.000000, 1.000000, 0.000000
114.000000, 48.750000, 0.000000, 0.000000, 1.000000, 0.000000
114.100000, 48.850000, 0.000000, 0.000000, 1.000000, 0.000000
114.200000, 48.950000, 0.000000, 0.000000, 1.000000, 0.000000
114.300000, 49.050000, 0.000000, 0.000000, 1.000000, 0.000000
114.400000, 49.150000, 0.000000, 0.000000, 1.000000, 0.000000
114.500000, 49.250000, 0.000000, 0.000000, 1.000000, 0.000000
114.600000, 49.350000, 0.000000, 0.000000, 1.000000, 0.000000
114.700000, 49.450000, 0.000000, 0.000000, 1.000000, 0.000000
114.800000, 49.550000, 0.000000, 0.000000, 1.000000, 0.000000
114.900000, 49.640000, 0.000000, 0.000000, 0.900000, 0.000000
115.000000, 49.720000, 0.000000, 0.000000, 0.800000, 0.000000
115.100000, 49.790000, 0.000000, 0.000000, 0.700000, 0.000000
115.200000, 49.850000, 0.000000, 0.000000, 0.600000, 0.000000
115.300000, 49.900000, 0.000000, 0.000000, 0.500000, 0.000000
115.400000, 49.940000, 0.000000, 0.000000, 0.400000, 0.000000
115.500000, 49.970000, 0.000000, 0.000000, 0.300000, 0.000000
115.600000, 49.990000, 0.000000, 0.000000, 0.200000, 0.000000
115.700000, 50.000000, 0.000000, 0.000000, 0.100000, 0.000000
115.800000, 50.000000, 0.000000, 0.000000, 0.000000, 0.000000
115.900000, 50.000000, 0.000000, 0.000000, 0.000000, 0.000000
116.000000, 50.000000, 0.000000, 0.015708, 0.000000, 0.157080
116.100000, 50.000000, 0.000000, 0.047124, 0.000000, 0.314159
116.200000, 50.000000, 0.000000, 0.094248, 0.000000, 0.471239
116.300000, 50.000000, 0.000000, 0.157080, 0.000000, 0.628319
116.400000, 50.000000, 0.000000, 0.235619, 0.000000, 0.785398
116.500000, 50.000000, 0.000000, 0.329867, 0.000000, 0.942478
116.600000, 50.000000, 0.000000, 0.439823, 0.000000, 1.099557
116.700000, 50.000000, 0.000000, 0.565487, 0.000000, 1.256637
116.800000, 50.000000, 0.000000, 0.706858, 0.000000, 1.413717
116.900000, 50.000000, 0.000000, 0.863938, 0.000000, 1.570796
117.000000, 50.000000, 0.000000, 1.005310, 0.000000, 1.413717
117.100000, 50.000000, 0.000000, 1.130973, 0.000000, 1.256637
117.200000, 50.000000, 0.000000, 1.240929, 0.000000, 1.099557
117.300000, 50.000000, 0.000000, 1.335177, 0.000000, 0.942478
117.400000, 50.000000, 0.000000, 1.413717, 0.000000, 0.785398
117.500000, 50.000000, 0.000000, 1.476549, 0.000000, 0.628319
117.600000, 50.000000, 0.000000, 1.523672, 0.000000, 0.471239
117.700000, 50.000000, 0.000000, 1.555088, 0.000000, 0.314159
117.800000, 50.000000, 0.000000, 1.570796, 0.000000, 0.157080
117.900000, 50.000000, 0.000000, 1.570796, 0.000000, 0.000000
118.000000, 50.000000, 0.010000, 1.570796, 0.100000, 0.000000
118.100000, 50.000000, 0.030000, 1.570796, 0.200000, 0.000000
118.200000, 50.000000, 0.060000, 1.570796, 0.300000, 0.000000
118.300000, 50.000000, 0.100000, 1.570796, 0.400000, 0.000000
118.400000, 50.000000, 0.150000, 1.570796, 0.500000, 0.000000
118.500000, 50.000000, 0.210000, 1.570796, 0.600000, 0.000000
118.600000, 50.000000, 0.280000, 1.570796, 0.700000, 0.000000
118.700000, 50.000000, 0.360000, 1.570796, 0.800000, 0.000000
118.800000, 50.000000, 0.450000, 1.570796, 0.900000, 0.000000
118.900000, 50.000000, 0.550000, 1.570796, 1.000000, 0.000000
119.000000, 50.000000, 0.650000, 1.570796, 1.000000, 0.000000
119.100000, 50.000000, 0.750000, 1.570796, 1.000000, 0.000000
119.200000, 50.000000, 0.850000, 1.570796, 1.000000, 0.000000
119.300000, 50.000000, 0.950000, 1.570796, 1.000000, 0.000000
119.400000, 50.000000, 1.050000, 1.570796, 1.000000, 0.000000
119.500000, 50.000000, 1.150000, 1.570796, 1.000000, 0.000000
119.600000, 50.000000, 1.250000, 1.570796, 1.000000, 0.000000
119.700000, 50.000000, 1.350000, 1.570796, 1.000000, 0.000000
119.800000, 50.000000, 1.450000, 1.570796, 1.000000, 0.000000
119.900000, 50.000000, 1.550000, 1.570796, 1.000000, 0.000000
120.000000, 50.000000, 1.650000, 1.570796, 1.000000, 0.000000
120.100000, 50.000000, 1.750000, 1.570796, 1.000000, 0.000000
120.200000, 50.000000, 1.850000, 1.570796, 1.000000, 0.000000
120.300000, 50.000000, 1.950000, 1.570796, 1.000000, 0.000000
120.400000, 50.000000, 2.050000, 1.570796, 1.000000, 0.000000
120.500000, 50.000000, 2.150000, 1.570796, 1.000000, 0.000000
120.600000, 50.000000, 2.250000, 1.570796, 1.000000, 0.000000
120.700000, 50.000000, 2.350000, 1.570796, 1.000000, 0.000000
120.800000, 50.000000, 2.450000, 1.570796, 1.000000, 0.000000
120.900000, 50.000000, 2.550000, 1.570796, 1.000000, 0.000000
121.000000, 50.000000, 2.650000, 1.570796, 1.000000, 0.000000
121.100000, 50.000000, 2.750000, 1.570796, 1.000000, 0.000000
121.200000, 50.000000, 2.850000, 1.570796, 1.000000, 0.000000
121.300000, 50.000000, 2.950000, 1.570796, 1.000000, 0.000000
121.400000, 50.000000, 3.050000, 1.570796, 1.000000, 0.000000
121.500000, 50.000000, 3.150000, 1.570796, 1.000000, 0.000000
121.600000, 50.000000, 3.250000, 1.570796, 1.000000, 0.000000
121.700000, 50.000000, 3.350000, 1.570796, 1.000000, 0.000000
121.800000, 50.000000, 3.450000, 1.570796, 1.000000, 0.000000
121.900000, 50.000000, 3.550000, 1.570796, 1.000000, 0.000000
122.000000, 50.000000, 3.650000, 1.570796, 1.000000, 0.000000
122.100000, 50.000000, 3.750000, 1.570796, 1.000000, 0.000000
122.200000, 50.000000, 3.850000, 1.570796, 1.000000, 0.000000
122.300000, 50.000000, 3.950000, 1.570796, 1.000000, 0.000000
122.400000, 50.000000, 4.050000, 1.570796, 1.000000, 0.000000
122.500000, 50.000000, 4.150000, 1.570796, 1.000000, 0.000000
122.600000, 50.000000, 4.250000, 1.570796, 1.000000, 0.000000
122.700000, 50.000000, 4.350000, 1.570796, 1.000000, 0.000000
122.800000, 50.000000, 4.450000, 1.570796, 1.000000, 0.000000
122.900000, 50.000000, 4.550000, 1.570796, 1.000000, 0.000000
123.000000, 50.000000, 4.650000, 1.570796, 1.000000, 0.000000
123.100000, 50.000000, 4.750000, 1.570796, 1.000000, 0.000000
123.200000, 50.000000, 4.850000, 1.570796, 1.000000, 0.000000
123.300000, 50.000000, 4.950000, 1.570796, 1.000000, 0.000000
123.400000, 50.000000, 5.050000, 1.570796, 1.000000, 0.000000
123.500000, 50.000000, 5.150000, 1.570796, 1.000000, 0.000000
123.600000, 50.000000, 5.250000, 1.570796, 1.000000, 0.000000
123.700000, 50.000000, 5.350000, 1.570796, 1.000000, 0.000000
123.800000, 50.000000, 5.450000, 1.570796, 1.000000, 0.000000
123.900000, 50.000000, 5.550000, 1.570796, 1.000000, 0.000000
124.000000, 50.000000, 5.650000, 1.570796, 1.000000, 0.000000
124.100000, 50.000000, 5.750000, 1.570796, 1.000000, 0.000000
124.200000, 50.000000, 5.850000, 1.570796, 1.000000, 0.000000
124.300000, 50.000000, 5.950000, 1.570796, 1.000000, 0.000000
124.400000, 50.000000, 6.050000, 1.570796, 1.000000, 0.000000
124.500000, 50.000000, 6.150000, 1.570796, 1.000000, 0.000000
124.600000, 50.000000, 6.250000, 1.570796, 1.000000, 0.000000
124.700000, 50.000000, 6.350000, 1.570796, 1.000000, 0.000000
124.800000, 50.000000, 6.450000, 1.570796, 1.000000, 0.000000
124.900000, 50.000000, 6.550000, 1.570796, 1.000000, 0.000000
125.000000, 50.000000, 6.650000, 1.570796, 1.000000, 0.000000
125.100000, 50.000000, 6.750000, 1.570796, 1.000000, 0.000000
125.200000, 50.000000, 6.850000, 1.570796, 1.000000, 0.000000
125.300000, 50.000000, 6.950000, 1.570796, 1.000000, 0.000000
125.400000, 50.000000, 7.050000, 1.570796, 1.000000, 0.000000
125.500000, 50.000000, 7.150000, 1.570796, 1.000000, 0.000000
125.600000, 50.000000, 7.250000, 1.570796, 1.000000, 0.000000
125.700000, 50.000000, 7.350000, 1.570796, 1.000000, 0.000000
125.800000, 50.000000, 7.450000, 1.570796, 1.000000, 0.000000
125.900000, 50.000000, 7.550000, 1.570796, 1.000000, 0.000000
126.000000, 50.000000, 7.650000, 1.570796, 1.000000, 0.000000
126.100000, 50.000000, 7.750000, 1.570796, 1.000000, 0.000000
126.200000, 50.000000, 7.850000, 1.570796, 1.000000, 0.000000
126.300000, 50.000000, 7.950000, 1.570796, 1.000000, 0.000000
126.400000, 50.000000, 8.050000, 1.570796, 1.000000, 0.000000
126.500000, 50.000000, 8.150000, 1.570796, 1.000000, 0.000000
126.600000, 50.000000, 8.250000, 1.570796, 1.000000, 0.000000
126.700000, 50.000000, 8.350000, 1.570796, 1.000000, 0.000000
126.800000, 50.000000, 8.450000, 1.570796, 1.000000, 0.000000
126.900000, 50.000000, 8.550000, 1.570796, 1.000000, 0.000000
127.000000, 50.000000, 8.650000, 1.570796, 1.000000, 0.000000
127.100000, 50.000000, 8.750000, 1.570796, 1.000000, 0.000000
127.200000, 50.000000, 8.850000, 1.570796, 1.000000, 0.000000
127.300000, 50.000000, 8.950000, 1.570796, 1.000000, 0.000000
127.400000, 50.000000, 9.050000, 1.570796, 1.000000, 0.000000
127.500000, 50.000000, 9.150000, 1.570796, 1.000000, 0.000000
127.600000, 50.000000, 9.250000, 1.570796, 1.000000, 0.000000
127.700000, 50.000000, 9.350000, 1.570796, 1.000000, 0.000000
127.800000, 50.000000, 9.450000, 1.570796, 1.000000, 0.000000
127.900000, 50.000000, 9.550000, 1.570796, 1.000000, 0.000000
128.000000, 50.000000, 9.640000, 1.570796, 0.900000, 0.000000
128.100000, 50.000000, 9.720000, 1.570796, 0.800000, 0.000000
128.200000, 50.000000, 9.790000, 1.570796, 0.700000, 0.000000
128.300000, 50.000000, 9.850000, 1.570796, 0.600000, 0.000000
128.400000, 50.000000, 9.900000, 1.570796, 0.500000, 0.000000
128.500000, 50.000000, 9.940000, 1.570796, 0.400000, 0.000000
128.600000, 50.000000, 9.970000, 1.570796, 0.300000, 0.000000
128.700000, 50.000000, 9.990000, 1.570796, 0.200000, 0.000000
128.800000, 50.000000, 10.000000, 1.570796, 0.100000, 0.000000
128.900000, 50.000000, 10.000000, 1.570796, 0.000000, 0.000000
129.000000, 50.000000, 10.000000, 1.570796, 0.000000, 0.000000
129.100000, 50.000000, 10.000000, 1.555088, 0.000000, -0.157080
129.200000, 50.000000, 10.000000, 1.523672, 0.000000, -0.314159
129.300000, 50.000000, 10.000000, 1.476549, 0.000000, -0.471239
129.400000, 50.000000, 10.000000, 1.413717, 0.000000, -0.628319
129.500000, 50.000000, 10.000000, 1.335177, 0.000000, -0.785398
129.600000, 50.000000, 10.000000, 1.240929, 0.000000, -0.942478
129.700000, 50.000000, 10.000000, 1.130973, 0.000000, -1.099557
129.800000, 50.000000, 10.000000, 1.005310, 0.000000, -1.256637
129.900000, 50.000000, 10.000000, 0.863938, 0.000000, -1.413717
130.000000, 50.000000, 10.000000, 0.706858, 0.000000, -1.570796
130.100000, 50.000000, 10.000000, 0.565487, 0.000000, -1.413717
130.200000, 50.000000, 10.000000, 0.439823, 0.000000, -1.256637
130.300000, 50.000000, 10.000000, 0.329867, 0.000000, -1.099557
130.400000, 50.000000, 10.000000, 0.235619, 0.000000, -0.942478
130.500000, 50.000000, 10.000000, 0.157080, 0.000000, -0.785398
130.600000, 50.000000, 10.000000, 0.094248, 0.000000, -0.628319
130.700000, 50.000000, 10.000000, 0.047124, 0.000000, -0.471239
130.800000, 50.000000, 10.000000, 0.015708, 0.000000, -0.314159
130.900000, 50.000000, 10.000000, 0.000000, 0.000000, -0.157080
131.000000, 50.000000, 10.000000, 0.000000, 0.000000, 0.000000
131.100000, 50.010000, 10.000000, 0.000000, 0.100000, 0.000000
131.200000, 50.030000, 10.000000, 0.000000, 0.200000, 0.000000
131.300000, 50.060000, 10.000000, 0.000000, 0.300000, 0.000000
131.400000, 50.100000, 10.000000, 0.000000, 0.400000, 0.000000
131.500000, 50.150000, 10.000000, 0.000000, 0.500000, 0.000000
131.600000, 50.210000, 10.000000, 0.000000, 0.600000, 0.000000
131.700000, 50.280000, 10.000000, 0.000000, 0.700000, 0.000000
131.800000, 50.360000, 10.000000, 0.000000, 0.800000, 0.000000
131.900000, 50.450000, 10.000000, 0.000000, 0.900000, 0.000000
132.000000, 50.550000, 10.000000, 0.000000, 1.000000, 0.000000
132.100000, 50.650000, 10.000000, 0.000000, 1.000000, 0.000000
132.200000, 50.750000, 10.000000, 0.000000, 1.000000, 0.000000
132.300000, 50.850000, 10.000000, 0.000000, 1.000000, 0.000000
132.400000, 50.950000, 10.000000, 0.000000, 1.000000, 0.000000
132.500000, 51.050000, 10.000000, 0.000000, 1.000000, 0.000000
132.600000, 51.150000, 10.000000, 0.000000, 1.000000, 0.000000
132.700000, 51.250000, 10.000000, 0.000000, 1.000000, 0.000000
132.800000, 51.350000, 10.000000, 0.000000, 1.000000, 0.000000
132.900000, 51.450000, 10.000000, 0.000000, 1.000000, 0.000000
133.000000, 51.550000, 10.000000, 0.000000, 1.000000, 0.000000
133.100000, 51.650000, 10.000000, 0.000000, 1.000000, 0.000000
133.200000, 51.750000, 10.000000, 0.000000, 1.000000, 0.000000
133.300000, 51.850000, 10.000000, 0.000000, 1.000000, 0.000000
133.400000, 51.950000, 10.000000, 0.000000, 1.000000, 0.000000
133.500000, 52.050000, 10.000000, 0.000000, 1.000000, 0.000000
133.600000, 52.150000, 10.000000, 0.000000, 1.000000, 0.000000
133.700000, 52.250000, 10.000000, 0.000000, 1.000000, 0.000000
133.800000, 52.350000, 10.000000, 0.000000, 1.000000, 0.000000
133.900000, 52.450000, 10.000000, 0.000000, 1.000000, 0.000000
134.000000, 52.550000, 10.000000, 0.000000, 1.000000, 0.000000
134.100000, 52.650000, 10.000000, 0.000000, 1.000000, 0.000000
134.200000, 52.750000, 10.000000, 0.000000, 1.000000, 0.000000
134.300000, 52.850000, 10.000000, 0.000000, 1.000000, 0.000000
134.400000, 52.950000, 10.000000, 0.000000, 1.000000, 0.000000
134.500000, 53.050000, 10.000000, 0.000000, 1.000000, 0.000000
134.600000, 53.150000, 10.000000, 0.000000, 1.000000, 0.000000
134.700000, 53.250000, 10.000000, 0.000000, 1.000000, 0.000000
134.800000, 53.350000, 10.000000, 0.000000, 1.000000, 0.000000
134.900000, 53.450000, 10.000000, 0.000000, 1.000000, 0.000000
135.000000, 53.550000, 10.000000, 0.000000, 1.000000, 0.000000
135.100000, 53.650000, 10.000000, 0.000000, 1.000000, 0.000000
135.200000, 53.750000, 10.000000, 0.000000, 1.000000, 0.000000
135.300000, 53.850000, 10.000000, 0.000000, 1.000000, 0.000000
135.400000, 53.950000, 10.000000, 0.000000, 1.000000, 0.000000
135.500000, 54.050000, 10.000000, 0.000000, 1.000000, 0.000000
135.600000, 54.150000, 10.000000, 0.000000, 1.000000, 0.000000
135.700000, 54.250000, 10.000000, 0.000000, 1.000000, 0.000000
135.800000, 54.350000, 10.000000, 0.000000, 1.000000, 0.000000
135.900000, 54.450000, 10.000000, 0.000000, 1.000000, 0.000000
136.000000, 54.550000, 10.000000, 0.000000, 1.000000, 0.000000
136.100000, 54.650000, 10.000000, 0.000000, 1.000000, 0.000000
136.200000, 54.750000, 10.000000, 0.000000, 1.000000, 0.000000
136.300000, 54.850000, 10.000000, 0.000000, 1.000000, 0.000000
136.400000, 54.950000, 10.000000, 0.000000, 1.000000, 0.000000
136.500000, 55.050000, 10.000000, 0.000000, 1.000000, 0.000000
136.600000, 55.150000, 10.000000, 0.000000, 1.000000, 0.000000
136.700000, 55.250000, 10.000000, 0.000000, 1.000000, 0.000000
136.800000, 55.350000, 10.000000, 0.000000, 1.000000, 0.000000
136.900000, 55.450000, 10.000000, 0.000000, 1.000000, 0.000000
137.000000, 55.550000, 10.000000, 0.000000, 1.000000, 0.000000
137.100000, 55.650000, 10.000000, 0.000000, 1.000000, 0.000000
137.200000, 55.750000, 10.000000, 0.000000, 1.000000, 0.000000
137.300000, 55.850000, 10.000000, 0.000000, 1.000000, 0.000000
137.400000, 55.950000, 10.000000, 0.000000, 1.000000, 0.000000
137.500000, 56.050000, 10.000000, 0.000000, 1.000000, 0.000000
137.600000, 56.150000, 10.000000, 0.000000, 1.000000, 0.000000
137.700000, 56.250000, 10.000000, 0.000000, 1.000000, 0.000000
137.800000, 56.350000, 10.000000, 0.000000, 1.000000, 0.000000
137.900000, 56.450000, 10.000000, 0.000000, 1.000000, 0.000000
138.000000, 56.550000, 10.000000, 0.000000, 1.000000, 0.000000
138.100000, 56.650000, 10.000000, 0.000000, 1.000000, 0.000000
138.200000, 56.750000, 10.000000, 0.000000, 1.000000, 0.000000
138.300000, 56.850000, 10.000000, 0.000000, 1.000000, 0.000000
138.400000, 56.950000, 10.000000, 0.000000, 1.000000, 0.000000
138.500000, 57.050000, 10.000000, 0.000000, 1.000000, 0.000000
138.600000, 57.150000, 10.000000, 0.000000, 1.000000, 0.000000
138.700000, 57.250000, 10.000000, 0.000000, 1.000000, 0.000000
138.800000, 57.350000, 10.000000, 0.000000, 1.000000, 0.000000
138.900000, 57.450000, 10.000000, 0.000000, 1.000000, 0.000000
139.000000, 57.550000, 10.000000, 0.000000, 1.000000, 0.000000
139.100000, 57.650000, 10.000000, 0.000000, 1.000000, 0.000000
139.200000, 57.750000, 10.000000, 0.000000, 1.000000, 0.000000
139.300000, 57.850000, 10.000000, 0.000000, 1.000000, 0.000000
139.400000, 57.950000, 10.000000, 0.000000, 1.000000, 0.000000
139.500000, 58.050000, 10.000000, 0.000000, 1.000000, 0.000000
139.600000, 58.150000, 10.000000, 0.000000, 1.000000, 0.000000
139.700000, 58.250000, 10.000000, 0.000000, 1.000000, 0.000000
139.800000, 58.350000, 10.000000, 0.000000, 1.000000, 0.000000
139.900000, 58.450000, 10.000000, 0.000000, 1.000000, 0.000000
140.000000, 58.550000, 10.000000, 0.000000, 1.000000, 0.000000
140.100000, 58.650000, 10.000000, 0.000000, 1.000000, 0.000000
140.200000, 58.750000, 10.000000, 0.000000, 1.000000, 0.000000
140.300000, 58.850000, 10.000000, 0.000000, 1.000000, 0.000000
140.400000, 58.950000, 10.000000, 0.000000, 1.000000, 0.000000
140.500000, 59.050000, 10.000000, 0.000000, 1.000000, 0.000000
140.600000, 59.150000, 10.000000, 0.000000, 1.000000, 0.000000
140.700000, 59.250000, 10.000000, 0.000000, 1.000000, 0.000000
140.800000, 59.350000, 10.000000, 0.000000, 1.000000, 0.000000
140.900000, 59.450000, 10.000000, 0.000000, 1.000000, 0.000000
141.000000, 59.550000, 10.000000, 0.000000, 1.000000, 0.000000
141.100000, 59.640000, 10.000000, 0.000000, 0.900000, 0.000000
141.200000, 59.720000, 10.000000, 0.000000, 0.800000, 0.000000
141.300000, 59.790000, 10.000000, 0.000000, 0.700000, 0.000000
141.400000, 59.850000, 10.000000, 0.000000, 0.600000, 0.000000
141.500000, 59.900000, 10.000000, 0.000000, 0.500000, 0.000000
141.600000, 59.940000, 10.000000, 0.000000, 0.400000, 0.000000
141.700000, 59.970000, 10.000000, 0.000000, 0.300000, 0.000000
141.800000, 59.990000, 10.000000, 0.000000, 0.200000, 0.000000
141.900000, 60.000000, 10.000000, 0.000000, 0.100000, 0.000000
142.000000, 60.000000, 10.000000, 0.000000, 0.000000, 0.000000
142.100000, 60.000000, 10.000000, 0.000000, 0.000000, 0.000000
142.200000, 60.000000, 10.000000, -0.015708, 0.000000, -0.157080
142.300000, 60.000000, 10.000000, -0.047124, 0.000000, -0.314159
142.400000, 60.000000, 10.000000, -0.094248, 0.000000, -0.471239
142.500000, 60.000000, 10.000000, -0.157080, 0.000000, -0.628319
142.600000, 60.000000, 10.000000, -0.235619, 0.000000, -0.785398
142.700000, 60.000000, 10.000000, -0.329867, 0.000000, -0.942478
142.800000, 60.000000, 10.000000, -0.439823, 0.000000, -1.099557
142.900000, 60.000000, 10.000000, -0.565487, 0.000000, -1.256637
143.000000, 60.000000, 10.000000, -0.706858, 0.000000, -1.413717
143.100000, 60.000000, 10.000000, -0.863938, 0.000000, -1.570796
143.200000, 60.000000, 10.000000, -1.005310, 0.000000, -1.413717
143.300000, 60.000000, 10.000000, -1.130973, 0.000000, -1.256637
143.400000, 60.000000, 10.000000, -1.240929, 0.000000, -1.099557
143.500000, 60.000000, 10.000000, -1.335177, 0.000000, -0.942478
143.600000, 60.000000, 10.000000, -1.413717, 0.000000, -0.785398
143.700000, 60.000000, 10.000000, -1.476549, 0.000000, -0.628319
143.800000, 60.000000, 10.000000, -1.523672, 0.000000, -0.471239
143.900000, 60.000000, 10.000000, -1.555088, 0.000000, -0.314159
144.000000, 60.000000, 10.000000, -1.570796, 0.000000, -0.157080
144.100000, 60.000000, 10.000000, -1.570796, 0.000000, 0.000000
144.200000, 60.000000, 9.990000, -1.570796, 0.100000, 0.000000
144.300000, 60.000000, 9.970000, -1.570796, 0.200000, 0.000000
144.400000, 60.000000, 9.940000, -1.570796, 0.300000, 0.000000
144.500000, 60.000000, 9.900000, -1.570796, 0.400000, 0.000000
144.600000, 60.000000, 9.850000, -1.570796, 0.500000, 0.000000
144.700000, 60.000000, 9.790000, -1.570796, 0.600000, 0.000000
144.800000, 60.000000, 9.720000, -1.570796, 0.700000, 0.000000
144.900000, 60.000000, 9.640000, -1.570796, 0.800000, 0.000000
145.000000, 60.000000, 9.550000, -1.570796, 0.900000, 0.000000
145.100000, 60.000000, 9.450000, -1.570796, 1.000000, 0.000000
145.200000, 60.000000, 9.350000, -1.570796, 1.000000, 0.000000
145.300000, 60.000000, 9.250000, -1.570796, 1.000000, 0.000000
145.400000, 60.000000, 9.150000, -1.570796, 1.000000, 0.000000
145.500000, 60.000000, 9.050000, -1.570796, 1.000000, 0.000000
145.600000, 60.000000, 8.950000, -1.570796, 1.000000, 0.000000
145.700000, 60.000000, 8.850000, -1.570796, 1.000000, 0.000000
145.800000, 60.000000, 8.750000, -1.570796, 1.000000, 0.000000
145.900000, 60.000000, 8.650000, -1.570796, 1.000000, 0.000000
146.000000, 60.000000, 8.550000, -1.570796, 1.000000, 0.000000
146.100000, 60.000000, 8.450000, -1.570796, 1.000000, 0.000000
146.200000, 60.000000, 8.350000, -1.570796, 1.000000, 0.000000
146.300000, 60.000000, 8.250000, -1.570796, 1.000000, 0.000000
146.400000, 60.000000, 8.150000, -1.570796, 1.000000, 0.000000
146.500000, 60.000000, 8.050000, -1.570796, 1.000000, 0.000000
146.600000, 60.000000, 7.950000, -1.570796, 1.000000, 0.000000
146.700000, 60.000000, 7.850000, -1.570796, 1.000000, 0.000000
146.800000, 60.000000, 7.750000, -1.570796, 1.000000, 0.000000
146.900000, 60.000000, 7.650000, -1.570796, 1.000000, 0.000000
147.000000, 60.000000, 7.550000, -1.570796, 1.000000, 0.000000
147.100000, 60.000000, 7.450000, -1.570796, 1.000000, 0.000000
147.200000, 60.000000, 7.350000, -1.570796, 1.000000, 0.000000
147.300000, 60.000000, 7.250000, -1.570796, 1.000000, 0.000000
147.400000, 60.000000, 7.150000, -1.570796, 1.000000, 0.000000
147.500000, 60.000000, 7.050000, -1.570796, 1.000000, 0.000000
147.600000, 60.000000, 6.950000, -1.570796, 1.000000, 0.000000
147.700000, 60.000000, 6.850000, -1.570796, 1.000000, 0.000000
147.800000, 60.000000, 6.750000, -1.570796, 1.000000, 0.000000
147.900000, 60.000000, 6.650000, -1.570796, 1.000000, 0.000000
148.000000, 60.000000, 6.550000, -1.570796, 1.000000, 0.000000
148.100000, 60.000000, 6.450000, -1.570796, 1.000000, 0.000000
148.200000, 60.000000, 6.350000, -1.570796, 1.000000, 0.000000
148.300000, 60.000000, 6.250000, -1.570796, 1.000000, 0.000000
148.400000, 60.000000, 6.150000, -1.570796, 1.000000, 0.000000
148.500000, 60.000000, 6.050000, -1.570796, 1.000000, 0.000000
148.600000, 60.000000, 5.950000, -1.570796, 1.000000, 0.000000
148.700000, 60.000000, 5.850000, -1.570796, 1.000000, 0.000000
148.800000, 60.000000, 5.750000, -1.570796, 1.000000, 0.000000
148.900000, 60.000000, 5.650000, -1.570796, 1.000000, 0.000000
149.000000, 60.000000, 5.550000, -1.570796, 1.000000, 0.000000
149.100000, 60.000000, 5.450000, -1.570796, 1.000000, 0.000000
149.200000, 60.000000, 5.350000, -1.570796, 1.000000, 0.000000
149.300000, 60.000000, 5.250000, -1.570796, 1.000000, 0.000000
149.400000, 60.000000, 5.150000, -1.570796, 1.000000, 0.000000
149.500000, 60.000000, 5.050000, -1.570796, 1.000000, 0.000000
149.600000, 60.000000, 4.950000, -1.570796, 1.000000, 0.000000
149.700000, 60.000000, 4.850000, -1.570796, 1.000000, 0.000000
149.800000, 60.000000, 4.750000, -1.570796, 1.000000, 0.000000
149.900000, 60.000000, 4.650000, -1.570796, 1.000000, 0.000000
150.000000, 60.000000, 4.550000, -1.570796, 1.000000, 0.000000
150.100000, 60.000000, 4.450000, -1.570796, 1.000000, 0.000000
150.200000, 60.000000, 4.350000, -1.570796, 1.000000, 0.000000
150.300000, 60.000000, 4.250000, -1.570796, 1.000000, 0.000000
150.400000, 60.000000, 4.150000, -1.570796, 1.000000, 0.000000
150.500000, 60.000000, 4.050000, -1.570796, 1.000000, 0.000000
150.600000, 60.000000, 3.950000, -1.570796, 1.000000, 0.000000
150.700000, 60.000000, 3.850000, -1.570796, 1.000000, 0.000000
150.800000, 60.000000, 3.750000, -1.570796, 1.000000, 0.000000
150.900000, 60.000000, 3.650000, -1.570796, 1.000000, 0.000000
151.000000, 60.000000, 3.550000, -1.570796, 1.000000, 0.000000
151.100000, 60.000000, 3.450000, -1.570796, 1.000000, 0.000000
151.200000, 60.000000, 3.350000, -1.570796, 1.000000, 0.000000
151.300000, 60.000000, 3.250000, -1.570796, 1.000000, 0.000000
151.400000, 60.000000, 3.150000, -1.570796, 1.000000, 0.000000
151.500000, 60.000000, 3.050000, -1.570796, 1.000000, 0.000000
151.600000, 60.000000, 2.950000, -1.570796, 1.000000, 0.000000
151.700000, 60.000000, 2.850000, -1.570796, 1.000000, 0.000000
151.800000, 60.000000, 2.750000, -1.570796, 1.000000, 0.000000
151.900000, 60.000000, 2.650000, -1.570796, 1.000000, 0.000000
152.000000, 60.000000, 2.550000, -1.570796, 1.000000, 0.000000
152.100000, 60.000000, 2.450000, -1.570796, 1.000000, 0.000000
152.200000, 60.000000, 2.350000, -1.570796, 1.000000, 0.000000
152.300000, 60.000000, 2.250000, -1.570796, 1.000000, 0.000000
152.400000, 60.000000, 2.150000, -1.570796, 1.000000, 0.000000
152.500000, 60.000000, 2.050000, -1.570796, 1.000000, 0.000000
152.600000, 60.000000, 1.950000, -1.570796, 1.000000, 0.000000
152.700000, 60.000000, 1.850000, -1.570796, 1.000000, 0.000000
152.800000, 60.000000, 1.750000, -1.570796, 1.000000, 0.000000
152.900000, 60.000000, 1.650000, -1.570796, 1.000000, 0.000000
153.000000, 60.000000, 1.550000, -1.570796, 1.000000, 0.000000
153.100000, 60.000000, 1.450000, -1.570796, 1.000000, 0.000000
153.200000, 60.000000, 1.350000, -1.570796, 1.000000, 0.000000
153.300000, 60.000000, 1.250000, -1.570796, 1.000000, 0.000000
153.400000, 60.000000, 1.150000, -1.570796, 1.000000, 0.000000
153.500000, 60.000000, 1.050000, -1.570796, 1.000000, 0.000000
153.600000, 60.000000, 0.950000, -1.570796, 1.000000, 0.000000
153.700000, 60.000000, 0.850000, -1.570796, 1.000000, 0.000000
153.800000, 60.000000, 0.750000, -1.570796, 1.000000, 0.000000
153.900000, 60.000000, 0.650000, -1.570796, 1.000000, 0.000000
154.000000, 60.000000, 0.550000, -1.570796, 1.000000, 0.000000
154.100000, 60.000000, 0.450000, -1.570796, 1.000000, 0.000000
154.200000, 60.000000, 0.360000, -1.570796, 0.900000, 0.000000
154.300000, 60.000000, 0.280000, -1.570796, 0.800000, 0.000000
154.400000, 60.000000, 0.210000, -1.570796, 0.700000, 0.000000
154.500000, 60.000000, 0.150000, -1.570796, 0.600000, 0.000000
154.600000, 60.000000, 0.100000, -1.570796, 0.500000, 0.000000
154.700000, 60.000000, 0.060000, -1.570796, 0.400000, 0.000000
154.800000, 60.000000, 0.030000, -1.570796, 0.300000, 0.000000
154.900000, 60.000000, 0.010000, -1.570796, 0.200000, 0.000000
155.000000, 60.000000, 0.000000, -1.570796, 0.100000, 0.000000
155.100000, 60.000000, 0.000000, -1.570796, 0.000000, 0.000000
155.200000, 60.000000, 0.000000, -1.570796, 0.000000, 0.000000
155.300000, 60.000000, 0.000000, -1.555088, 0.000000, 0.157080
155.400000, 60.000000, 0.000000, -1.523672, 0.000000, 0.314159
155.500000, 60.000000, 0.000000, -1.476549, 0.000000, 0.471239
155.600000, 60.000000, 0.000000, -1.413717, 0.000000, 0.628319
155.700000, 60.000000, 0.000000, -1.335177, 0.000000, 0.785398
155.800000, 60.000000, 0.000000, -1.240929, 0.000000, 0.942478
155.900000, 60.000000, 0.000000, -1.130973, 0.000000, 1.099557
156.000000, 60.000000, 0.000000, -1.005310, 0.000000, 1.256637
156.100000, 60.000000, 0.000000, -0.863938, 0.000000, 1.413717
156.200000, 60.000000, 0.000000, -0.706858, 0.000000, 1.570796
156.300000, 60.000000, 0.000000, -0.565487, 0.000000, 1.413717
156.400000, 60.000000, 0.000000, -0.439823, 0.000000, 1.256637
156.500000, 60.000000, 0.000000, -0.329867, 0.000000, 1.099557
156.600000, 60.000000, 0.000000, -0.235619, 0.000000, 0.942478
156.700000, 60.000000, 0.000000, -0.157080, 0.000000, 0.785398
156.800000, 60.000000, 0.000000, -0.094248, 0.000000, 0.628319
156.900000, 60.000000, 0.000000, -0.047124, 0.000000, 0.471239
157.000000, 60.000000, 0.000000, -0.015708, 0.000000, 0.314159
157.100000, 60.000000, 0.000000, 0.000000, 0.000000, 0.157080
157.200000, 60.000000, 0.000000, 0.000000, 0.000000, 0.000000
